COD;NOM;IVA;STK;PVP;PRECIO POR MAYOR
027872;ACCESORIOS P/BAÑO ALL PURE X17PCS 31756 7564;15;11;9,0625;9,0179
025601;ACEITE P/CABELLO V/COLORES 125ML 2011880 IBETH PATRICIA RUB*;15;0;6,04;5,6339
013166;ACRILICA FRANCO COBRE 035 60ML 1348;15;0;2,1;2,0625
003671;ACRILICA LANCER DORADA 60ML SH.PA.215;15;0;0,87;0,696
010564;ACUARELA LANCER X12COL AC.C.312 2692 # RDP;15;180;0,7826;0,62
016880;ACUARELA PELIKAN X6COL PASTEL AC.P.1223 5419;15;0;1;0,895
013205;ADORNO COLG NAV SUETER XO3184/3236;15;0;2;1,9107
012749;ADORNO NAV COLGAN FAROL 4437;15;1;3,35;2,9911
012747;ADORNO NAV LUNA COLGANTE V/COL 4406/4420/4383/4413;15;1;4,2768;4,2768
002307;AGENDA 2024 AZ MILAN 15X21 C/DR 0612;15;0;0,8261;2,2
029308;AGENDA C/LIGA ANILLADA A5-2023 GDE V/COL  2053;15;0;3,3;2,99
029307;AGENDA C/LIGA ANILLADA A6-2023 PEQ V/COL 2060;15;0;2,5;2,2425
029391;AGENDA FLORES A5/10108.2 FRASES F/DR B80*;15;0;5,7;5,1
029319;AGENDA NG/AZ/CF/GR 2023-12 17.5*9CM 8444;15;0;2,2;2,0288
000602;ALFILER CAJA CHRYSANTHEMUM/ALLWIN #2 (E2101) NO.9002 000;15;574;0,4783;0,37
017381;ANCHETA AURORA CAJA BASE ABA-04*;0;22;2,15;1,885
012708;ANCHETA PANCARTA PEQUEÑA APP;15;1;1,5652;1,4286
029342;ANGEL DR C/LUZ Y VESTIDO SX-L2107/6774;15;6;4,5217;4,1643
000312;ARETES;15;0;6;5,7
029269;ARETES MARCA*;15;2;3,9565;3,683
029270;ARETES TOPO NIÑA;15;2;3,1304;2,9464
029271;ARETES X3PARES;15;0;6,2609;5,8928
004534;ARREGLO CUMPLEAÑOS PEQUEÑO;15;0;8,9;8,8839
006221;ASTROSILVER ORION 71X101 220GR;15;0;3;2,7321
027911;AUDIFONO EARBUDS LISTEN UP TWS06WHITE 3315;15;4;14,2609;13,3482
015107;AUDIFONO LENOVO HT38-BT AUF-LNV-HT30 3121;15;6;13,7391;12,272
026877;AUDIFONO XTRATECH BL/NG XT-L31-BLK COMPATIBLE/HSP/HFP/A2DP/AVRCP 7073;15;0;17,7;16,3571
026876;AUDIFONO XTRATECH BL/NG XT-L31-WHT COMPATIBLE/ANDROID 7066;15;0;17,7;16,3571
013201;BANDEJA NAV FLOMO X03056/9872;15;0;1,74;1,7321
026988;BANDERIN MAMA PINK CA-BN-019;15;0;1,91;1,8036
026927;BANDERITAS FENIX SEPARADOR X5COL 12X45MM M-SEÑA-5COLFX SN5040 0931;15;0;0,48;0,36
017408;BARNIZ SPRAY BRILLANTE (NO OLEO) 7012;15;0;9,48;8,4816
017409;BARNIZ SPRAY BRILLANTE (OLEO) 6992;15;0;9,61;8,4816
017410;BARNIZ SPRAY MATE (NO OLEO) 10OZ. 7005;15;0;9,48;8,5002
027261;BASE  P/GLOBOS ESTR 2103A-18;15;5;4,65;4,3571
027259;BASE BALLON P/GLOBOS 19 ESPACIOS BL.SG.100 2423;15;0;2,13;1,88
014087;BASE D/CORTE A3 ST216/7479;15;2;12,609;11,45
013811;BASE MOSTRADOR 441-763593 METALICA;15;1;6,26;6,0446
010026;BASTON RJ/BL;15;0;0;0,6964
027880;BASURERO AVERGERS METAL MINI 54867 8678;15;0;6,1;6,0714
027879;BASURERO FROZEN METAL 49886 8867;15;2;6,13;6,0714
027881;BASURERO METAL ANIMADO VD 49889 8898;15;0;6,1;6,0714
027877;BASURERO METAL AVENGERS 43130 1307;15;2;6,13;6,0714
027878;BASURERO METAL CORONA EXTRA 39830 8303;15;1;6,13;6,0714
025527;BATIDORA DE MANO 5VELTURBO MXWH-318 BLANCA 7451;15;0;25,3;23,5
027255;BEBIDA CHAIGOLD MARACUYA 060570612;15;0;1,2;1,1607
012153;BILLETERA PRADA V/COL*;15;1;11,7392;10,8
018298;BLOCK DE PAPEL 733082 0823;15;0;7,9;7,9375
010593;BLOCK NOTAS MR 300H V/MOD P/DURA 9.5X9.5CM 5940;15;49;3,26;2,91
004879;BOLA 10 ESPUMAFLEX;15;44;0,4348;0,29
004880;BOLA 12 ESPUMAFLEX;15;987;0,4783;0,43
004881;BOLA 17 ESPUMAFLEX;15;34;2,2174;1,995
004875;BOLA 5 ESPUMAFLEX;15;193;0,1305;0,089
004876;BOLA 6 ESPUMAFLEX;15;896;0,174;0,118
004877;BOLA 7 ESPUMAFLEX;15;543;0,2174;0,167
004878;BOLA 8 ESPUMAFLEX;15;55;0,3044;0,228
016996;BOLIG AZUL CACTUS 0.5 IC 1034-8*;15;4;0,87;0,7411
016872;BOLIG BIC AZUL MEDIO 971186/995305 # RDP;15;4590;0,2609;0,2508
027263;BOLIG BIC ROJO C/AMARILLO FINO 500227;15;998;0,17;0,1272
018290;BOLIG BIC ROJO FINO 971194/995711 # RDP;15;6367;0,3044;0,289
018286;BOLIG BIC VERDE OSC MEDIO 995708/500204 # RDP;15;789;0,2609;0,2508
001424;BOLIG BORRABLE JEFF AZUL JF.BO.402 7866;15;1;0,4348;0,339
029322;BOLIG BORRABLE M&G AZUL 0.5MM AKPC5272 OSITO 6222;15;16;0,9131;0,7233
024265;BOLIG BORRABLE M&G AZUL 0.7MM AKP61173 074 9052;15;12;0,87;0,7233
000805;BOLIG BORRABLE PILOT AZUL CLICKER BLRT-FR5 7375;15;0;2,61;2,29
000804;BOLIG BORRABLE PILOT NEGRO CLICKER BLRT-FR5 7351;15;134;2;1,77
000802;BOLIG BORRABLE PILOT ROJO CLICKER BLRT-FR5 7368;15;137;2;1,77
002442;BOLIG BORRABLE UNIBALL NEGRO FANTHOM 0.7 MP-UF-202 0811;15;0;2,4;2,3482
024792;BOLIG FABER NEGRO MED LUX #034 BO.F.440498;15;0;0,2;0,1518
029321;BOLIG M&G 4 MINAS 0.7 ABP803R4 6096;15;0;1,1;1,0357
011562;BOLIG NATARAJ AZUL FINE 0.7MM 206490002 9286;15;72;0,174;0,145
002914;BOLIG NATARAJ AZUL ITIP GEL 0.6MM 213552107 4129;15;481;0,4348;0,3404
011563;BOLIG NATARAJ ROJO FINE 0.7MM 206492002 757/9309;15;58;0,174;0,145
011555;BOLIG NATARAJ X5COL GELIX 213550001 4258;15;54;1,04;0,935
023286;BOLIG OVNI/CARRIT  MULTICOLOR 820579/820585;15;6;0,6957;0,66
010076;BOLIG PILOT ROJO 1.0 RETRACTIL BP-1RT-F-R 2014;15;37;0,48;0,377
025605;BOLIG PLATA PROMOCIONAL GRIP METAL PP2394B-PL;15;0;0,4;0,2857
025366;BOLIG PLUMA P257095 4531;15;0;1,3;1,1429
025361;BOLIG RENO P257053 0908;15;0;1,9;1,8214
024459;BOLIG UNIBALL AZUL 0.8 UB-200 VISION ELITE 7548;15;5;3,09;2,457
002443;BOLIG UNIBALL AZUL SIGNO RETRACTIL 1.0 UMN-207-10 0680;15;21;2,52;2,24
016866;BOLIG UNIBALL NEGRO 0.7 SN-100 LAKNOCK RETRACTIL 7295;15;112;1,5652;1,28
013213;BOLIG X6C C/LENTEJ/AFELPAD P256957/P256959;15;0;1,1;1,0893
012160;BOLIG ZUIXUA X24COL NEON HG6107-24 5128;15;0;3,087;2,7318
017797;BOLSA KRAFF T/CARTERA GRAND IC520-59;15;0;1,7;1,5268
017794;BOLSA KRAFF T/CARTERA IC520-60 2COL;15;0;1,2;1,1339
017795;BOLSA KRAFF T/CARTERA MED IC520-61 2COL;15;0;1,3;1,2143
017796;BOLSA KRAFF T/CARTERA PEQ IC520-58;15;0;1,1;1,0089
012741;BOLSA PLASTICA NAV V/MOD FUNDA X5 IC221-2/2125;15;0;1,1;1,0357
014090;BOLSA SATEN MED 4X5 V/COL X2U WB377A/B;15;0;0,9;0,8571
014089;BOLSA SATEN PEQ 3X4 V/COL X3U WB367A/B/E;15;0;0,9;0,8571
013985;BOLSAS DE REGALO CORAZON X6PZ FLOMO AV929/3877;15;0;2,5;2,3661
005407;BOLSO BLANCO D/TABLERO A3*;15;75;4,75;4,34
011587;BOMBILLO NAV DR X4PZS 8CM AES-XX0436 4364;15;3;3;2,8125
012731;BOMBILLO NAV DR X6PZS 8CM NB-1930-1102 7647;15;1;4,7826;4,4821
012703;BOMBILLO NAV GRAND AZ TRS X4UND N1-8001AS 8CM 684688 4889;15;1;4,9107;4,6339
012755;BOMBILLO NAV GRAND SET DR/PL/RJ/AZ/FC ESCARCH X6U 2109-46 81170463 4630;15;1;2,4783;2,2857
021447;BOND 75GR T/I COPIADORA;0;0;3,5;3,25
020823;BORRADOR ARTESCO RETRACTIL T/ESTILETE C/BROCHA PASTEL BOR111 2610;15;0;0,7;0,5714
011578;BORRADOR FACTIS TINTA INK30 E2-008;15;0;0,3;0,2589
001423;BORRADOR LANCER D/PIZARRA PLASTICO C/MAGNETO SH.BR.301 1240;15;40;0,6087;0,42
001437;BORRADOR MAPED BL T/ESTILETE 0009;15;0;1,3;1,1607
024736;BORRADOR RENCAI C/PROTECT/PLAST HAPPOYDOG RC-6015 0158;15;0;0,4;0,3929
004663;BORRADOR ROTRING B20 S0194570 1211;15;165;1,8696;1,65
029328;BORRADOR+SACAP M&G APS912A6/2455 SOM MANY CATS;15;0;1,4;1,2813
027112;BOTELLA SILICONA C/BROCHA BETTY CROCKER 6001302 0643;15;0;4,7;4,3839
029314;BOUQUET BALLONS GLOBOS X5UND CACTUS 7561;15;0;2,61;2,4026
024793;BOUQUET GLOBO 5 PZS I LOVE YOU 823568 6953;15;0;1,91;1,7857
024795;BOUQUET GLOBO 5 PZS I LOVE YOU/CORAZON 823566;15;0;1,91;1,7857
024724;BOUQUET GLOBO ALUMINIO #1 ORO RS PEQ BALLOONS 821005;15;0;1,9;1,8036
024716;BOUQUET GLOBO ALUMINIO #3 PL PEQ BALLOONS 821004;15;0;1,9;1,8036
024717;BOUQUET GLOBO ALUMINIO #4 PL PEQ BALLOONS 821004;15;1;1,91;1,8036
024719;BOUQUET GLOBO ALUMINIO #6 PL PEQ BALLOONS 821004;15;0;1,9;1,8036
024721;BOUQUET GLOBO ALUMINIO #8 PL PEQ BALLOONS 821004;15;2;1,91;1,8036
024732;BOUQUET GLOBO ALUMINIO #9 ORO RS PEQ BALLOONS 821005;15;0;1,9;1,8036
024799;BOUQUET GLOBO CORAZON RJ C/BASE/CIRC V/PZS IC329-130 1307;15;0;3,5;3,3036
029313;BOUQUET GLOBOS 5PCS GLO-2107-55 COLA PESC 7554;15;0;2,61;2,4026
005424;BUBBALOO SPARKIES 25 GR 9500;15;59;0,26;0,2364
027713;CA 100H 1L ACAD DB FERRARI  950702 7029;15;15;4,5653;4,02
027718;CA 100H 1L ACAD DB JEAN BOOK 950634 6343;15;19;4,5218;4,0723
027708;CA 100H 1L ACAD FLEX JEAN BOOK NORMA 950553 5537;15;2;2,35;2,35
027712;CA 100H 1L DO STREET RACER INSER 950548 5483;15;0;3,2609;2,82
004647;CA 100H CDROS ACAD CARS2 NORMA 7494;15;0;2,4;2,1518
005406;CA 100H CDROS ACAD PD SWEET ESCRIBE 6980;15;142;4,0435;3,45
011554;CA 180H CDROS ACAD PD SWEET ESCRIBE 7468;15;116;5,8696;4,8
019092;CA 60H 2L ANDALUZ 543402 4028 # RDP;15;157;0,9566;0,9248
027916;CABLE USB TIPO C IHIP WLG-PP78 6119;15;0;5,9;5,6071
017380;CAJA ARMABLE AURORA PEQ. CPP PERSONAJE*;0;9;1,7411;1,6071
025300;CAJA NAV PINGUINO MED 09978 4724;15;0;1,4348;2,35
012706;CAJA P/TORTA MEDI C/PRE;15;0;0,4;0,4464
012707;CAJA P/TORTA PEQ C/PRE;15;0;0,4;0,4464
012704;CAJA REG CILINDRO IM24-2366 14X14X11.5 3669;15;0;1,6957;1,469
023226;CAJA REG CUADRAD METAL NAV GRAND EP81870826 8266;15;0;3,6;3,3571
029298;CAJA REGALO 10407-1 CARTON C/LAZO 0712;15;0;0,8;0,736
017405;CAJA REGALO ARMABLE VERDE FIX;15;0;0,6;0,5714
023246;CAJA REGALO CORAZON RJ F/DR PEQ  IM23-0364*;15;0;2,2;1,98
027102;CAJA REGALO CUADRA/LAZO DIVISI PEQ 0014079 0232;15;0;2,17;1,9732
010570;CAJA REGALO CUADRAD GRAND C/LAZO/CINTA IM21-569/71/72/70;15;0;4,3;4,0357
023255;CAJA REGALO CUADRAD GRAND RJ AVES 3D GI19-0694;15;0;3,09;2,8482
023256;CAJA REGALO CUADRAD MED RJ AVES 3D GI19-0694;15;0;3;2,7768
023240;CAJA REGALO CUADRAD PEQ V/COL*;15;42;2,2;2,0714
004540;CAJA REGALO CUADRAD PEQ VM/ESTRELL IM21-990;15;0;2,2;2,0714
029296;CAJA REGALO GDE 10407-3 CARTON  /LAZO 0736;15;0;1,4;1,2618
013134;CAJA REGALO KRAFF  P/DULCES GRAND UN C/VENTAN/G IC698-33;15;0;0,9;0,8393
017809;CAJA REGALO KRAFF CUAD C/CINTA IC947-2 7704*;15;0;0,6087;0,45
014091;CAJA REGALO KRAFF CUAD C/TAPA ACETATO IC1057-01 7011*;15;0;1,04;0,9375
029299;CAJA REGALO MED 10407-2 CARTON  /LAZO 0729;15;0;1,2;1,0304
029297;CAJA REGALO PEQ 10407-4 CARTON  /LAZO 0743;15;0;0,6;0,5253
004541;CAJA REGALO RECTANG MED C/LAZO/FINO IM21-597 137275;15;0;3,6;3,4018
027266;CALCU CASIO BL SL-310UC-WE PORT/ESTUC 10D;15;0;7,2;6,7347
002937;CALCU CASIO HL-815L BK 1387;15;23;3,83;3,3
009145;CALCU CASIO MW-8V-BK WE 3084;15;4;7,48;6,68
009144;CALCU CASIO MX-8B 8 DIG D/MESA 2175;15;62;6,174;5,34
027267;CALCU CASIO NJ SL-310UC-RG PORT/ESTUC 10D;15;0;7,2;6,5268
027268;CALCU CASIO SL-310UC-GN VD PORT/ESTUC 10D;15;0;7,2;6,5268
010667;CALCU MP-12R CASIO;15;0;11;10,1607
004890;CALCU MW-5V-WE/BK CASIO;15;0;5,6;5,2411
029327;CAMINO DE MESA NAV. MAN-2212-01 38*150/2017;15;0;9,9;9,1325
013211;CANASTA D/CARTON NAV XO3326/0332;15;0;2,9;2,8393
016951;CANICAS VIDRIO OJO GATO X100UNID IMP-B50* 1834;15;53;1,09;0,97
026944;CAPUCHON P/FLORES BL 9X2X34CM PA.EF.300;15;454;0,04;0,0378
026945;CAPUCHON P/FLORES RJ 9X2X34CM PA.EF.303;15;154;0,04;0,0378
027914;CARGADOR IPHONE POWER UP C94026ASPNK 3094;15;14;8;8
027915;CARGADOR IPHONE POWER UP C94026ASWHI 3070;15;17;8;8
001015;CARP 2 ARGOLLA AMARILLA T/CUAD*;15;0;1,61;1,3857
001016;CARP 2 ARGOLLA AZUL T/CUAD*;15;0;1,61;1,3857
026863;CARP 2 ARGOLLA NEGRA T/CUAD*;15;0;1,6;1,3857
001017;CARP 2 ARGOLLA ROJA T/CUAD;15;0;1,61;1,3857
026564;CARP 2 ARGOLLAS T/I BRINDER BASIC 9906;15;0;3,6;3,2589
026562;CARP 2 ARGOLLAS T/I CHIC V/DISEÑ 10104055 9685;15;0;3;2,7768
023301;CARP APOYAM T/OF HYAB01 7997;15;0;4,2;3,6339
000544;CARP CARIOCA PLAST V/COLORES S/VINCHA;15;0;0,3;0,2857
001243;CARP COLGANTE LANCER VERDE C/PESTANA 3851*;15;213;0,5218;0,36
004591;CARP ESCRIBE 2 ARGOLLAS T/I SWEET 6412;15;5;1,7305;1,56
001025;CARP FOLDER AM T/A-3 TRANSPARENTE;15;0;2;1,7679
001023;CARP FOLDER AZ T/A-3 TRANSPARENTE;15;0;2;1,7679
026424;CARP FOLDER KRAFF MANILA M-CARP-KRASIN S/V # RDP;15;1417;0,1305;0,1347
026563;CARP IDEAL 2 ARGOLLAS MINNIE 1955;15;0;3,26;2,87
010657;CARP LANCER AZUL PLAST C/BOLS SH.F.3735 02;15;0;0,5;0,4107
002532;CARP LANCER C/BISEL SH.F.310 SURTIDO*;15;697;0,22;0,163
028087;CARP REX PLASTICS 2 ARGOLLAS BLANCA T/OF 8CM 500HOJAS P/CARAT 7545;15;27;3,4348;3,0183
001037;CARP SOBRE A3 AZUL C/FUELLE TRANSPARENTE;15;0;2,5;2,3482
001036;CARP SOBRE A3 CELESTE C/FUELLE TRANSPARENTE;15;0;2,5;2,3482
001034;CARP SOBRE A3 NARANJA C/FUELLE TRANSPARENTE;15;0;2,5;2,3482
001033;CARP SOBRE A3 NEGRA C/FUELLE TRANSPARENTE;15;0;2,5;2,3482
001035;CARP SOBRE A3 ROJA C/FUELLE TRANSPARENTE;15;0;2,5;2,3482
024155;CARP SOBRE M&G T/I C/BROCHE GATOS SO MANY CATS ADM929FM 6978;15;0;1,2;1,071
001786;CARP SOBRE PLAST T/I C/BROCHE C/IDENTIFICADOR CY1005;15;0;0,4;0,3661
011915;CARP SOBRE RAPESCO T/I PLAST C/BROCHE 1259/5579;15;0;1,1;0,9911
026937;CARP SOBRE VERTICAL KINARY V/COL C/BROCHE FB1024-J 4913;15;46;0,6522;0,598
021467;CART ASTROBRIGHTS ROSA PULSAR PINK 176GR 66X101.6 21045;15;111;1,2609;1,06
021464;CART ASTROBRIGHTS SMOOTH LIFT OFF LEMON  176GR 66X101 21025;15;60;1,2609;1,06
021466;CART ASTROBRIGHTS UVA PLANETARY PURPLE 66X101 176GR;15;0;1,1;1,0134
000533;CART BRISTOL BLANCA UNID 70X100CM 160GR;15;1377;0,2609;0,158
020806;CART CELESTE PASTEL APERLADA 250GR 79X110 020-1B 09200503;15;0;1,4;1,2768
002923;CART CLASSIC LINEN CANYON BROW 66X101 216GR;15;20;2,1739;1,81
010471;CART CLASSIC LINEN NATURAL WHITE PEARL 227GR 66X101 1738;15;0;3,2174;2,73
002924;CART CLASSIC LINEN PATRIOT BLUE AZUL 216GR 66X101.6 5459;15;1;2,4783;2,197
013834;CART CONSTELLATION CAFFE 70X100 290GR 0104;15;24;2,5217;2,2589
013832;CART CONSTELLATION SABBIA CREMA 70X100 290GR 0116;15;0;2,3;2,1161
029373;CART DUPLEX MAULE 70X100 225GR RESP/CF CM225;15;4;0,4348;0,346
029374;CART DUPLEX MAULE 70X100 310GR RESP/CF CMRD;15;0;0,65;0,57
029375;CART DUPLEX MAULE 70X100 330GR RESP/CF CM330;15;0;0,7;0,64
000795;CART DUPLEX MAULE 70X100 345GR CHILENO 09217645;15;0;0,4;0,3929
000358;CART DUPLEX MAULE 70X100 380GR INDONESIO 09216810;15;0;0,4;0,3482
025608;CART DUPLEX SPECTRA 70X100 255GR R/CAFE CDS255;15;217;0,3914;0,3
012667;CART EARTH PACT NATURAL OFFST 150G 70X100;0;0;0,2;0,17
005427;CART ESCARCH FDA X10C T/I 250GR CR.ES.S 0007;15;79;1,087;0,88
016770;CART ESMALTADA AZUL 70X100 09211960 CR.E.02;15;66;0,6087;0,46
010439;CART ESMALTADA BLANCA 70X100 210GR CR.E.00P/09211390;15;70;0,6087;0,46
001295;CART ESMALTADA NARANJA 70X100 09213240;15;96;0,6087;0,46
016771;CART ESMALTADA ROSADA 70X100 09211970;15;91;0,6087;0,46
013827;CART FLORA GARDENIA BL 72X102 240GR 0260;15;3;1,5217;1,3839
013804;CART FROZEN BLACK NEGRA ESCAR 7.7X109.2CM 250GR 1175;15;42;3,087;2,8383
013810;CART FROZEN GOLD DORADO ESCAR 78.7X109.2CM 250GR 1163*;15;50;3,087;2,8383
013803;CART FROZEN PINK RS ESCAR 78X102CM 230GR 0982;15;1;2,3478;2,0982
013805;CART FROZEN RED ROJO ESCAR 78.7X109.2CM 250GR 1175*;15;41;3,087;2,8383
013808;CART FROZEN ROSE RS ESCAR 78X102CM 230GR 0962;15;0;2,3;2,0982
013801;CART FROZEN SILVER PLATA ESCAR 78.7X109.2CM 250GR 1164*;15;49;3,087;2,8383
002337;CART HILO BLANCA 180G 70X100 90369;15;463;0,6087;0,4961
000387;CART IRIS PLIEGO AZUL INDG 50X70 180GR 09275584;15;1;0,3479;0,217
021884;CART IRIS PLIEGO CREMA/AMARILLO 180GR 1001020;15;0;0,4;0,22
024445;CART LAID CREMA AHUESADA 224G X10;15;0;1,5;1,3482
021474;CART MAJESTIC ARENA SAND 250GR 72X102 6001890;15;79;2,3043;2,07
027254;CART MAJESTIC CHAM LIGH BLUE 72X102 250GR 6001986;15;38;2,6087;2,4
000268;CART MARFIL 70X100 180GR SATINADA;15;1682;0,3913;0,3283
013836;CART MARINA CORALLO CORAL 70X100 175GR 0298;15;0;1,6;1,4018
013812;CART MIKADO ROSAS BLUE AZ 78X102CM 230GR 0670;15;0;1,6;1,4196
013800;CART MIKADO WEB WHITE/BL 78X102CM 230GR 0676;15;0;1,7;1,9375
000539;CART PLEGABLE 215GR 70X100 0.12 SINARVANDA CTS250;15;3;0,2609;0,22
021475;CART PRISMA MANDARINA NARANJA 70X100 220GR;15;2;1,5218;1,35
010048;CART PRISMA METALL WHITE T/I 130GR;15;0;1,8;1,6339
010047;CART PRISMA WHITE A3 200GR X10 3270;15;0;3,3;3,0625
013814;CART SEDA BEAUTY PINK 72X102 250GR 0383;15;0;2,5;2,2768
013815;CART SEDA GLAMOUR GREEN VD 72X102 250GR 0389;15;0;2,5;2,2768
013825;CART SIRIO NUDE RS CLARO 70X100 210GR 0341;15;0;1,5;1,3839
013826;CART SIRIO PEARL MISTY ROSE 72X102 300GR 0361;15;0;2,8;2,5804
013818;CART SIRIO PEARL POLAR WHITE BL 72X102 230GR 0371;15;0;2,1;1,8393
006209;CART SO SILK SHOCKING GREEN 72X102 250GR;15;0;2,5;2,3125
013802;CART SOLARIS GOLD 78X102CM 250GR 0724;15;0;1,4;1,3125
013798;CART SOLARIS MERCURY LISO PL 78X102CM 250GR 0991;15;0;1,4;1,3125
013833;CART STARDREAM MELON 66X98 240GR 0563;15;0;2,5;2,2768
002936;CART SUNDANCE FELT ECLIPSE BLACK MARTILLADA 66X101 270GR;15;-1;2,3;2
026726;CART SUNDANCE FELT ECLIPSE BLACK ROYAL 66X101 270GR 93248;15;0;2,8261;2,56
013843;CART SUNDANCE FIBER ROSE 216GR 66X101.6 93893;15;0;1,3;1,0893
011862;CART T/I C/DISEÑO X10;0;0;2,4;1,82
013839;CART TINTORETTO CEYLON PAPRIKA VN 70X100 250GR 0626;15;-1;2;1,8214
013838;CART WOODSTOCK NOCE CF 70X100 225GR 0655;15;0;1,4;1,3036
010505;CARTEL D/BIENVENIDA;15;0;0;0,4911
026990;CARTUCHERA 1S  PLASTICA V/C;15;0;4,2;3,9375
016637;CARTUCHERA 2S TEXAS HEAD;15;0;9,4;9,4107
006173;CARTUCHERA 3S MIRROR LONDON 0894;15;0;10,5;10,4821
012162;CARTUCHERA LOF FLAMINGO PCH;15;0;5,3043;3,5536
006171;CARTUCHERA MOZIONI 3S NG/GATO MPT170513-NG 8361;15;0;13,7;13,1875
006180;CARTUCHERA MOZIONI 3S RS/BL MPT172087-RS 9120;15;0;13,7;13,1875
006148;CARTUCHERA MOZIONI 3S RS/HEART/BREAK  MPT170533-RS 8507;15;0;13,7;13,1875
006174;CARTUCHERA MOZIONI 3S RS/NG MPT172046-RS/9861;15;0;13,7;13,1875
003581;CARTUCHERA NYLON 8001/Y672140/Y672154-88025/8012;15;0;0,9;0,8929
027707;CC 100H 1L COSIDO PELUCHES NORMA 537499 4997;15;19;2,6087;2,4304
005244;CC 100H CDROS COSIDO ESCRIBE C/STICKERS 4232 # RDP;15;3129;0,9566;1
014001;CC 100H CDROS COSIDO RALLY ESCRIBE 3033;15;260;2,0435;2,0435
010595;CD DIBUJO/BOCETO 80H MR ESP 21X29.7CM 90GR VERTICAL 1218;15;44;5,3913;4,83
029376;CELOFAN IMPRESO NAV ROLLO 1X25M 09803032;15;0;5,3;4,888
017784;CELOFAN IMPRESO X MTRS 090801012;15;0;0,4;0,2768
001278;CELOFAN NARANJA 90X100 PA.CE.02.04 09268757;15;1590;0,2174;0,1905
025596;CELOMAGICO BRILL UNID FLORES LARGAS/DR 1831-76;15;0;0,2;0,1607
012717;CELOMAGICO FIESTA 30MM V/COL EP81410123/1238;15;0;0,1;0,1071
025597;CELOMAGICO UNID RS ESTAMP/COR F/DR 3CM 2019-102 6002668;15;0;0,2;0,1071
023275;CEPILLO DE CABELLO RECTANG V/COL 820222 S-050 0509;15;0;1,3;1,25
000018;CG 50H 4L GRAP ESCRIBE 1545;15;13;0,3479;0,299
026996;CHOCO TRENTO AVELLANA 32GR 2831;15;0;0,7;0,5982
026992;CHOCO TRENTO BLANCO/ALLEGRO  35GR 2366;15;0;0,8;0,6964
026995;CHOCO TRENTO BLANCO/DARK 35GR 6389;15;0;0,7;0,5982
026997;CHOCO TRENTO CHOCOLATE 32GR 2817;15;0;0,7;0,5982
026993;CHOCO TRENTO CHOCOLATE ALLEGRO 35GR 1130;15;0;0,8;0,6964
026998;CHOCO TRENTO MINI/BL/DARK 16GR 1185;15;0;0,4;0,3393
026994;CHOCO TRENTO TORTA/LIMON 35GR 8291;15;0;0,7;0,5982
010552;CHOCOLATE FERRERO ROCHER CUBO 75GR;15;0;4,9;4,9018
002918;CHOCOLATE HUEVO KINDER JOY 20GR T1X12/6 20GR 360/4482 2731;15;25;1,2174;1,2054
002919;CHOCOLATE NOGGY VASO 150GR 36X24 1695;15;0;3,5652;3,5652
021946;CHOCOLATE RAFFAELLO 480GR T3X16 30GR 2487;15;28;1,3913;1,35
010077;CHOCOLATE ROCHER FERRERO CORAZON 100GR X8UNID 5072;15;0;7,6087;7,6087
004589;CHOCOLATE VIZZIO MIX 131G 6681;15;0;3,8696;3,8393
019086;CINTA CUERO VERDE M9-032C009;15;0;1,5;1,5179
023299;CINTA DECORATIVA ADH. ESCARCHA X UNIDAD 15MTRS A126-TP1530;15;0;0,8;0,6518
024158;CINTA DOBLE FAZ 9MMX9.1M M&G 2FILAS AJD957L4 6000416 8645;15;0;0,4;0,3839
023666;CINTA EMBAL FANTAPE 40Y CAFE;15;0;0,5;0,4196
019095;CINTA ENCAJE BLANCO;15;0;0,8;0,75
026874;CINTA ENGOMADA 48MMX30M 0021;15;0;3,0435;2,7424
005240;CINTA EPSON LX-350 ORIGINAL 2053;15;19;4,4348;3,7888
003332;CINTA FANTAPE AISLANTE CELESTE 10YDSX18MM EV13 4113/2750;15;0;0,4;0,3036
010028;CINTA FANTAPE DOBLE FAZ 2X18X1 1975;15;0;2,4;2,0893
019063;CINTA LLANA MAGENTA 32X100 400LJ/FU 4868;15;104;2,5652;2,32
016372;CINTA NAV BL COPOS 10YDX10CM 55FLO8J 3260;15;2;4,3392;3,82
002335;CINTA NAV RJ ESTAMP 10YDX10CM 55FLO056 2255;15;0;5,1305;4,5
002339;CINTA NAV RJ T/MALLA ESTAMP YUTE 6.3CM X 10 YDAS EP81630221;15;0;5;4,7321
019055;CINTA PLATEADA M9-031C00;15;0;1;1,0268
027701;CJ 100H 4L JNR ANDALUZ 5285;15;0;0,8261;0,8261
027702;CJ 60H 4L JNR ANDALUZ 543401 4011;15;34;0,6522;0,535
018302;CLIP CORBATA DE MOÑO 370825 8258;15;0;4,5;4,4464
024449;CLIP CUADRAD 30PZS V/COL SXT-08-278 9101;15;0;1,8;1,6875
027111;COLADOR C/MANGO BETTY CROCKER 6001289 0018;15;0;6,7;6,1875
002513;COLLAR;15;0;21;19,2589
000264;COLLAR ELEGANTE V/MODELOS;15;0;21,9;20,3661
029272;COLLAR JUEGO DOBLE STAINLESS STEEL*;15;34;8,6522;8,0475
000239;COLLAR JUEGO MARCA*;15;4;11,6087;10,41
029273;COLLAR Y MANILLA NIÑO/A;15;1;8,7826;8,2254
010661;COMPAS FREEHAND S05003B PRECIS;15;0;1,7;1,5357
004896;COMPAS LANCER 1180 CP.L.1180 3718;15;1;0,6087;0,4831
002431;COMPAS LANCER 1188 C/ESFERO METAL CP.L.1188 3916;15;95;0,6522;0,525
023270;COMPAS LANCER 1296 PRECIS V/COL CP.L.1296 3411;15;11;2,3479;2,02
019069;COMPAS MAPED 0694 TECHNIC PRECIS BLISTER;15;0;3,4;3,1339
004657;COMPAS MAPED STUDY C/LAPIZ 119410 4108;15;14711;1,2609;1,2522
004653;COMPAS MAPED TECHNIC PRECISION 3PZ 291010 0103;15;3040;5,174;5,1827
013268;CONFETTI COPOS X3PZ 30G GC401A/401B;15;0;1,3913;1,3
024444;CONFETTI ECOLE FORMAS BRILLANTES TXS-135-002 21;15;0;0,2174;0,1786
006220;CONSTELLATION JADE E/R 55 AIDA 70X100 215GR;15;0;2,2;2,0268
001594;CONTAC BESTER DISEÑO UNICORNIO/CORAZON X3MTS 0520;15;0;2,8;2,6607
001593;CONTAC BESTER VINO X3MTS;15;0;1,4;1,2321
004574;CONTAC TRANSP X MTS;15;0;1,1739;0,93
010057;CORCHO #4 128X18MM FDA X25;15;0;17,4;16,2143
010056;CORCHO #8 45X30X40MM FDA X25;15;0;13,8;12,8482
013187;CORONA P/PASTEL X6PZ PT1867/4408;15;15;1,6087;1,55
013193;CORONILLAS P/PASTEL PARTY PT676/3717;15;27;2,6522;2,5
013183;CORONILLAS P/PASTELILLOS UNICOR X12 PT1815/3600;15;5;2,4783;2,3036
021444;CORRECTOR ARTESCO MINI 4ML LIQ001 5202;15;597;0,2609;0,155
013799;CORRUG C/KRAFF ROSADO 78X102CM 200GR 0708;15;0;1,2;1,0179
000383;CORRUG DISENO AZUL BOLA BLACA 50X70 09201966;15;0;1;0,9464
002462;CORRUG DISENO CUADRO/RECTA 50X70 09201957;15;0;0,9;0,8571
022340;CORRUG HOLOG FDAX6;15;0;3,6;3,6964
016757;CORRUG MORADO METALICO 50X70 PA.G.CM16;15;32;0,6522;0,47
000381;CORRUG MORADO SENCILLO 50X70 A.G.C16;15;124;0,5217;0,36
010442;CORRUG TORNASOL FIG FDAX10 T/I PA.G.T100;15;0;2,3;2,0714
025607;CORTADORA DERIVACI GIRATORIA PROCISION 12 FISKARS 100580 0371;15;1;85,7826;79,3929
016636;CORTINA OROPEL PLATA ECO 2105C-1/2003F-1/2305A-02*;15;0;1,1739;0,9911
026839;CORTINA OROPEL PLATA TORNASOL CUADROS/PUNTOS;15;0;1,5;1,4286
026840;CORTINA OROPEL ROSADA TORNASOL CUADROS/PUNTOS;15;0;1,5;1,4286
026845;CORTINA OROPEL VERDE CLARO CUADROS/PUNTOS;15;5;1,5217;1,4286
026836;CORTINA OROPEL VERDE CLARO TORNASOL CUADROS;15;2;1,5217;1,4286
026844;CORTINA OROPEL VERDE CUADROS/PUNTOS;15;2;1,5217;1,4286
016898;CRAQUELADOR FRANCO 60ML 3311;15;9;1,2174;1,0773
000382;CRAYON FABER CASTEL X12COL JUMBO CY.F.243 3129;15;0;1,9565;1,7715
005431;CRAYON LANCER X12COL SH.CY.2612 0008;15;47;0,6087;0,4381
000374;CRAYON PELIKAN X12COL JUMBO TRIANG CRA023 4480;15;0;2,5;2,221
016879;CRAYON PELIKAN X6COL JUMBO TRIANG PASTEL 5679;15;10;1,1304;0,9935
000274;CREMA BILLETES SORTKWIK 1345;15;2;1,2609;1,049
029359;CREMA+PERFUME VICTORIA SECRECT *;15;0;7,6;7,1429
017631;CREPE LANCER SURT X10COL PA.CR.S 0122;15;136;1,739;1,3
012253;CREPE LANCER TURQUESA PA.CR.19 8984;15;98;0,1739;0,134
010046;CUADERNO ARTE PRISMA 20H A3 200GR CU005 2891;15;1;9,1304;8,448
010044;CUADERNO ARTE PRISMA 24H T/I 200GR 2907;15;12;6,4783;5,79
010043;CUADERNO ARTE SKETCH PAD 80H T/I 80GR 2914;15;0;3,4783;3,22
027110;CUCHARA D/LADO BETTY CROCKER 6001310 0285;15;0;5,3;5,0268
027918;CUERDA P/SALTAR JUMP ROPE HH318 0844;15;0;6;6
004587;DELINEADOR FLORMAR D/OJOS NG;15;0;6,3;5,8929
029000;DELINEADOR SMOKEY X6UND;15;0;11,3;10,6964
0703;DESCUENTO FINANCIERO (VEN) 15%;15;0;0;0
010501;DIADEMAS HORA LOCA;15;0;0;0,7946
010735;DIARIO INFANTIL C/CAJA REF:F640416/0052;15;0;3;2,5893
010736;DIARIO INFANTIL LIEFDE OSO POLAR C/BOLIG CYX800061 0616;15;0;2,87;2,5368
010731;DIARIO INFANTIL MAGNETICO 242288 SW320416/0014;15;0;2,6;2,4018
001809;DICCIONARIO FRANCES ESPAÑOL 6793 BASICO LAROUSSE;0;5;4,5;4,5
003329;DICCIONARIO OCEANO SINONIMOS ANTONIMOS CONCISO 2810 3380;0;2;5,15;4,49
016994;DISFRAZ JUEGO DE CALAMAR L ROJO 3786;15;57;17,2609;15,25
023267;DISFRAZ MERLINA XL-M-L NEGRO 8204 6371*;15;58;17,2609;15,25
025525;DISPENSADOR D/VIDRIO C/BASE D/MADERA 135OZ 4L 4COL. 12239 MBL 4146;15;1;14,26;13,2589
002556;DISPENSADOR EAGLE 898 S 8986;15;21;1,17;0,84
023271;DISPENSADOR SCOTCH 3M MEDIANO;15;0;1,7;1,5536
001261;DOCUMENTOS COMERCIALES FUNDA 6092;15;52;0,6957;0,598
006194;ELLE ERRE VERDE 72X100 220GR;15;0;2;1,8393
025526;ENVASE D/VIDRIO C/RECUBRIMIENTO ACERO INOX. ZD0003D MBL 5693;15;0;2,6;2,4196
002904;ESCALIMETRO LANCER 30CM PLAST SH.RE.9331 0773;15;86;1,17;0,97
013267;ESCARCHA ACRILEX CONFETTI X3UND 21G GC400C 9402;15;0;2;1,8393
019061;ESCARCHA CELINA AZUL 1/2 KILO 029-0047 702/0256;15;0;3,4783;2,9
013273;ESCARCHA E/ FUNDA X6UND 12GR KC180/SE720A/B/C/D/E/F;15;0;1,5;1,4464
025625;ESCARCHA E/FRASCO DR 250GR SL1911066-3 901212 1404;15;0;2,1;1,8393
012141;ESCARCHA LANCER BLANCA IRID FRASCO 7GR ES.T.700*;15;161;0,26;0,225
016761;ESCARCHA LANCER FUCSIA FRASCO 7GR ES.T. 712*;15;51;0,26;0,194
019059;ESCARCHA LANCER MORADA FRASCO 7GR ES.T.711*;15;95;0,26;0,194
016759;ESCARCHA LANCER PLATA FRASCO 7GR ES.T.714*;15;164;0,26;0,194
001766;ESCARCHA LANCER VERDE CLARO FRASCO 7GR ES.T.713*;15;104;0,26;0,194
016962;ESCARCHA LANCER X6COL 60GR T/SALERO ES.T.100 6782 5115;15;43;1,52;1,28
026725;ESMALTE 105 TULIPAN  ZAGAZ;15;1;1,52;1,3482
026723;ESMALTE 50 JESSICA ZAGAZ;15;1;1,52;1,3482
026719;ESMALTE 54 AZALEA ZAGAZ;15;1;1,52;1,3482
002430;ESMALTE 61 METAL MAGIA ZAGAZ 12ML;15;0;1,5;1,3482
026721;ESMALTE 75 ESMERALDA ZAGAZ;15;0;1,52;1,3482
026720;ESMALTE 93 INTENSA NEON ZAGAZ 12ML;15;7;1,7391;1,54
026936;ESPATULA PLASTICO SINOART X5UND SFT068 0684;15;0;0,9131;0,83
002328;ESPIGA HORTENCIA V/COL 24-D XMFE-250707A-SR330671;15;0;0,8696;0,86
001450;ESPIGA PINCHO PALMERA PL/BEIG ESCARCH 99600-05/09/24 0196/0219/0226;15;0;2,1;1,9375
018335;ESPIRAL ALAMBRE ORO ROSA X4UNID 2.5CM 6605034 5034;15;0;5,9;5,9286
002560;ESPUMAFLEX 1CM 50X50CM;15;434;0,3479;0,289
004903;ESPUMAFLEX LETRA 12X9;15;127;0,35;0,35
004906;ESPUMAFLEX MARIPOSA GRANDE;15;0;0,35;0,2679
004904;ESPUMAFLEX NUMEROS 12CM;15;48;0,26;0,26
010042;ESTILETE KW-TRIO 3713 0070;15;204;1,8261;1,495
005197;ESTILETE POINTER PRECISION A010-YJ-78-T 6087;15;0;2;1,55
027443;ESTILOGRAFO INK GLIDE LUXOR BL 829;15;0;1,5;1,3482
013179;ETIQUETA D/PRECIOS 40PZ CRAFTMEDLEY BD990 7061;15;167;2,3044;2,1518
001400;ETIQUETA ROSADA T-22 ET.S.2209 2038;15;129;0,3478;0,275
011529;ETIQUETA SEGURIDAD VOID GRIS 6.3X2.5;15;0;116,1;116,0714
025529;EXPRIMIDOR D/ CITRICOS CJWH-601 8731;15;0;18,2;16,8839
000608;FECHADOR LANCER MULTIPLE D-4Y SH.FE.4Y STAMP 4939;15;8;1,174;0,986
000386;FIBRA DORADO/MT METAL 09260073;15;0;0,4783;0,35
000385;FIBRA PLATA METAL FUERTE 50X70 09260081;15;18;0,4783;0,35
024057;FLASH MEMORY ADATA 128GB NEGRA 5472;15;0;11,2609;9,82
024055;FLASH MEMORY HP 16GB SILVER HPFD236W-16 5212;15;0;6,8;6,3304
000361;FLASH MEMORY HP 16GB SILVER V250W/1146;15;0;6,8;6,2143
010023;FLASH MEMORY HP 16GB TQ/BL V178B/V178P/4819;15;0;9,2;8,5089
017785;FLASH MEMORY HP 8GB PINK V178B/V178P/4840;15;0;5,6;5,2411
000363;FLASH MEMORY KINGSTON 16GB DATATRAVELER 933C;15;0;6,1739;5,6964
025613;FLASH MEMORY KINGSTON 64GB NEGRA TIPO-C 3.2 DT70 5302;15;0;6,3479;5,33
010549;FLASH MEMORY VERBATIN 64GB VERFLAU SB98698 6980;15;82;6,3479;5,33
004595;FLAUTA PLAST. TRANSP V/COL 17604 4039*;15;44;1,087;0,95
001269;FLAUTA PLASTICA APRENDO AP-17601/3746*;15;18;0,7391;0,6161
029336;FLOR PALO DE ROSA F/PL NAV 9213-07/3073;15;18;2;1,8402
000388;FLORAL TAPE VC ES261 001-0621;15;0;0,8;0,69
004544;FLORAL TAPE VERDE OSC ES263 001-0617/18*;15;144;0,7826;0,62
029295;FLORES RJ NAV 2109-122 5 BRAZO C/HOJAS 1220;15;0;1,7;1,554
026864;FOMIX CESPED CELESTE T/I;15;10;0,1305;0,102
021935;FOMIX CESPED ROSADO PLIEGO 65X90 LM.TW.P09;15;74;1,2174;1,02
000693;FOMIX ESCAR ADHE X10COL T/I LM.EA.S 041 851/3001;15;267;1,3913;1,2261
001239;FOMIX ESCAR AMARILLO IRIDIS PLIEGO;15;253;0,913;0,749
000699;FOMIX ESCAR LILA PLIEGO LM.PE.P11;15;6;0,8261;0,65
000705;FOMIX ESCAR MORADO PLIEGO H083;15;42;0,8261;0,65
000706;FOMIX ESCAR NARANJA PLIEGO;15;229;0,8261;0,65
000707;FOMIX ESCAR NEGRO PLIEGO;15;21;0,8261;0,65
000708;FOMIX ESCAR ROJO PLIEGO;15;613;0,8261;0,65
000711;FOMIX ESCAR TURQUESA AZUL PLIEGO;15;180;0,8261;0,65
001240;FOMIX ESCAR VERDE CLARO IRIDIS PLIEGO;15;0;1,5;1,34
000710;FOMIX ESCAR VERDE PLIEGO;15;125;0,8261;0,65
011104;FOMIX LANCER MOLDEABLE BLANCO 50G 6730;15;0;0,6087;0,5
011106;FOMIX LANCER MOLDEABLE ROJO 50G SH.FM.03 6662;15;0;0,6087;0,5
016400;FOMIX SENCILLO AZUL PLIEGO 2945U;15;309;0,6087;0,58
016404;FOMIX SENCILLO CAFE OSC PLIEGO 1817U;15;169;0,6087;0,58
016403;FOMIX SENCILLO CELESTE PLIEGO;15;66;0,6087;0,58
016399;FOMIX SENCILLO FUCSIA T/I 240U;15;168;0,087;0,048
016406;FOMIX SENCILLO NEGRO PLIEGO;15;45;0,6087;0,58
016398;FOMIX SENCILLO ROJO T/I 199U;15;1289;0,087;0,048
016401;FOMIX SENCILLO TURQUESA AZUL PLIEGO 7710U;15;0;0,6086;0,58
001007;FORRO MICA CARIOCA ACADEM;15;1609;0,1914;0,128
001293;FORRO PLASTICO LANCER JUNIOR 9X13X3 SH.FR.10;15;4050;0,087;0,042
026921;FRAGANCIA Y BODY LOTION;15;0;10,3;9,8036
017416;FRASES FELIZ CUMPLEAÑOS VINILO/GRAN;15;0;1,1;1,0089
017417;FRASES TE AMO /VINILO;15;2;1,087;1,0089
013988;FUNDA DE CELLO X2U FLOMO CB601/6419;15;58;2,1304;1,9732
029338;FUNDA NAV YUTE RAYAS C/CINTA SX-Y2207/2078;15;0;2,1739;1,9452
016977;FUNDA REG AM YM-52611;15;2;1,3043;1,3304
010090;FUNDA REG BOTELLA NAV FU.MP29N ECON  1059 1695;15;629;0,3044;0,2572
004535;FUNDA REG BOTELLA V/COL C/VENTANA IC456-7 C130-06/07/04/08;15;0;0,8;0,7232
010440;FUNDA REG EXTRA JUMBO NAV FU.MP11N 1688;15;211;1;0,8155
023259;FUNDA REG JUMBO C/ENTERO V/COL IM21-099 0995;15;0;1,2;1,1071
025303;FUNDA REG JUST FOR YOU S 23955 9550;15;7;1,3913;1,2768
016975;FUNDA REG KFRAF LARGE V/COL HORIZONTAL 30X25X12CM 5594;15;789;0,4348;0,38
013169;FUNDA REG KRAFF CUADRAD 30X30CM EP817;15;0;1,1;1,0625
013165;FUNDA REG KRAFF LARGE 33X24X8CM 5648;15;46;0,6087;0,5
002555;FUNDA REG KRAFF LARGE LEX00063 FU.MP31K 0002;15;2;0,3044;0,256
002557;FUNDA REG KRAFF MED 22X27X11CM LEX00136 0401*;15;0;0,3044;0,23
013167;FUNDA REG KRAFT C/VENT 30X20X15CM EP81780405;15;0;0,8;0,7411
010447;FUNDA REG LARGE BABY 26X10X32 YXL-1461M 7631;15;2;0,6522;0,5598
010450;FUNDA REG LARGE D/CARTON Y YUTE IM19-1644/1646;15;0;0,6;0,5536
023766;FUNDA REG LARGE V/C HS932L 6814;15;0;1,7391;1,7411
016964;FUNDA REG LARGE V/MODELOS SKU49/34;15;0;1,4;1,3839
016976;FUNDA REG LL AMOR YM-52610;15;1;1,3043;1,3304
010446;FUNDA REG MED BABY 18X10X23 YXL-1416S 7624;15;29;0,4783;0,3964
013171;FUNDA REG MED C/VENT V/COL 2406M FDA292M*;15;34;0,7826;0,67
010444;FUNDA REG MED RJ LOVE YOU IM19-1479/4790;15;0;0,7;0,6161
023263;FUNDA REG MED T/CARTERA FLORES V/COL IM21-089 0896;15;0;0,9;0,8571
004555;FUNDA REG MED WELCOME 10X23X10CM GI19-0126/0484;15;0;0,7;0,6518
025288;FUNDA REG NAV MED 1020-2 V/MOD/COL;15;0;0,2;0,1875
023262;FUNDA REG PEQ T/CARTERA FLORES V/COL IM21-088 0889;15;0;0,8;0,7143
003602;FUNDA REG PLASTIC AM C/CORDON IC656-1;15;0;0,3;0,2232
001452;FUNDA REG PRIMAVERA JUMBO HOLOG SKU19 9885;15;183;0,8261;0,7332
016979;FUNDA YM-52665 LG LILA CUMPLEANOS;15;0;1,3;1,3304
002539;FUNDAS DE ALAR RAYADA X 100;15;0;3,5;3,2679
027920;GALLETA PATY MANTEQUILLA 75G 1235;15;0;0,5;0,5357
013996;GEL ANTIBACTERIAL 500ML CDE1021/0477;15;0;2,7;2,6786
016769;GLASS NARANJA 45GR 75X100 09274830;15;620;0,1339;0,074
001008;GLOBO ALUMINIO ORO ROSA GRA 0;15;33;0,9565;0,8036
000334;GLOBO ALUMINIO PLATEADO GRA 7;15;20;0,9565;0,8036
016956;GLOBO ALUMINIO PLATEADO PEQ 2;15;0;0,5217;0,3482
016958;GLOBO ALUMINIO PLATEADO PEQ 3;15;6;0,5217;0,3482
011523;GLOBO BALLOONS R9 DORADO PERLADO X100 1101;15;71;2,5653;2,34
010060;GLOBO CELINA R9 CAFE FDAX100;15;0;2,087;1,82
001610;GLOBO CELINA R9 CELESTE FDAX100 002-0001/CE;15;86;2,087;1,82
001611;GLOBO CELINA R9 FUCSIA FDAX100 002-0001/FU;15;49;2,087;1,82
017378;GLOBO ESTAMPADO AMOR 2004C-47;15;10;1,0435;0,9643
026792;GLOBO FC R6 PARTY BALLOONS FDAX200;15;0;3,7391;3,4554
017371;GLOBO METALICO CORAZON #10 C/BRILLO V/COL;15;0;0,5;0,4196
026791;GLOBO NG R6 PARTY BALLOONS FDAX200;15;0;3,7391;3,4554
026790;GLOBO NJ R6 PARTY BALLOONS FDAX200;15;0;3,7391;3,4554
010512;GLOBO PIÑATA R-18;15;0;0,4;0,3571
011096;GLOBO R9 AM NEON FDAX100 5589*;15;0;2,4;2,4911
011097;GLOBO R9 NJ NEON FDAX100;15;0;2,4;2,4911
011522;GLOBO R9 PLATA SATINADO X100 REF 481/6774;15;0;4,3;3,9821
011098;GLOBO R9 RS NEON FDAX100;15;0;2,4;2,4911
011099;GLOBO R9 VD NEON FDAX100;15;3;2,4348;2,1518
026789;GLOBO RS R6 PARTY BALLOONS FDAX200;15;0;3,8;3,4554
026786;GLOBO VC R6 PARTY BALLOONS FDAX200;15;0;3,7391;3,4554
013671;GLOBOS DE ALUMINIO Y LATEX CUMPLEAÑS EP83352068/67/66/64;15;0;10,4;9,7411
000246;GOMA BIOPLAST 120 AMARILLA 8280;15;249;0,6522;0,59
001810;GOMA BIOPLAST 50GR 7186/8297;15;3039;0,3043;0,233
010054;GOMA BOSS NG ESCARC 60ML 8267;15;0;0,4;0,32
003612;GOMA CARIOCA NJ ESCARC 60ML  1027;15;0;0,4348;0,4348
003613;GOMA LANCER FC ESCARC 60ML 8243;15;0;0,4;0,32
016753;GOMA LANCER ROJA ESCARC 60ML SH.GO.503 7017;15;129;0,4348;0,245
010463;GORRA VASARI SOY LUNA DGI168495-VD T8;15;0;6,7;6,7411
001291;GRADUADOR ARTESCO 180§X10CM GRA002 7523;15;165;0,1739;0,1502
001431;GRADUADOR ARTESCO 360X10CM GRA003 7530;15;225;0,6087;0,4785
000685;GRADUADOR CARIOCA 180ºX10CM;15;0;0,2;0,1786
004898;GRAPADORA EAGLE 1001 METAL #10 GR.E.1001 0017;15;53;0,8696;0,7679
000240;GRAPADORA EAGLE 1088AS METAL 0812;15;0;2,2609;1,99
003314;GRAPADORA EAGLE 206 METAL GR.E.206 2060;15;11;2,1739;1,79
002440;GRAPADORA KW 5990/1 ELECTRICA;15;0;77,7;71,3682
015395;GRAPADORA MAPED GREENLOGIC MINI 0119;15;0;1,7;1,5625
004692;GRAPADORA MINI SWINGLINE 271 P4224/2246;15;0;2,3478;2,046
000368;GRAPADORA RAPESCO SKIPPA PL 20H RES260C1/2913;15;0;8,4;8,1964
011914;GRAPADORA RAPESCO X5-25PS 1384/1395/5279/5782;15;0;4,4;4
002341;GRAPADORA SWINGLINE 747 SW GR 747 7011;15;1;11,3913;9,7
011929;GUILLOTINA LANCER METALICA SH.CZ.40 A3 18X15 0629;15;0;31;27,17
026838;GUIRNALDA OROPEL DORADA PT03-085-08 4606;15;0;0,9131;0,8306
025371;HERRAMIENTA MANUALIDADES THE WORKS WE-R 660581 5812;15;1;89,2609;89,26
018350;HOJAS DE ALUMINIO AZUL 6626589;15;5;7,4348;7,44
018353;HOJAS DE ALUMINIO DORADO 6626596;15;0;7,4348;7,44
018351;HOJAS DE ALUMINIO PLATEADO 6626565;15;2;7,4348;7,44
018354;HOJAS DE ALUMINIO ROJO 6626572;15;5;7,4348;7,44
018352;HOJAS DE ALUMINIO ROSA 6626602;15;5;7,4348;7,43
013651;HOJAS KIUT DECORADAS Y STICKERS SCRAPBOOK X42 9776;15;0;9,2;8,5
016355;IMAN PROMAG REDON X8UNID 19MM 12357 3573;15;20;2,5653;2,24
027113;INDICE ALFABETICO T/I 20PG  SWORLD 6003898 2589;15;0;1,7;1,5357
026938;INDICE ALFABETICO T/I KINARY 20PG A-Z T1020 9849;15;0;2,087;1,8929
025577;JARRA CERAMICA FANTASMA LD24008 4358;15;0;3,6087;3,3355
000688;JGO ESCUADRA 45 60° CARIOCA 32CM 8836;15;0;1,1;1,0089
016380;JGO TE X3UND PORCELANA EP3241/EP3233D 1022/1220;15;0;14,2;13,2321
025363;JGTE POP IT 65203 2032;15;0;3,2;2,9464
029397;JGTE SET DOCTOR 10401.33 22X21CM AZ 2069;15;0;6,6522;6,0726
029398;JGTE SET DOCTOR 10401.35 22X21CM RS 0607;15;0;6,7;6,0723
013657;JGTE ZEBRA X2UNID WS1414A 0005;15;0;7,0435;6,95
015373;KIT #1 EGB BETEL LOJA 2022S 0530;0;0;37;39,368
015353;KIT #2 EGB DIRIGENTES DEL FUTURO LOJA 2022S 1/2 0990;0;0;130,9;139,3202
015354;KIT #3 EGB DIRIGENTES DEL FUTURO LOJA 2022S 1/2 1010;0;0;145,6;154,9
015410;KIT #3RO BGU LICEO DE LOJA 23S 1/2 3334;0;0;112,6;119,84
015388;KIT #4 EGB JUAN PABLO II LOJA 2022S 1/2 9312;0;0;134;142,5973
015359;KIT #6 EGB DIRIGENTES DEL FUTURO LOJA 2022S 1/2 1072;0;0;145,6;159
015391;KIT #6 EGB JUAN PABLO II LOJA 2022S 1/2 9350;0;0;134;142,5973
015379;KIT #7 EGB BETEL LOJA 2022S 1/2 0646;0;0;104,1;110,7518
015360;KIT #7 EGB DIRIGENTES DEL FUTURO LOJA 2022S 1/2 1096;0;0;145,6;154,8865
015405;KIT #8 EGB LICEO DE LOJA 23S 1/2 3235;0;0;99,4;105,76
015371;KIT 3 AÑOS BETEL LOJA 2022S 0516;0;0;37;39,368
015396;KIT INICIAL 4 AÑOS LICEO DE LOJA;0;0;57,3;57,25
017413;LACA SPRAY TRANS MATE 8OZ MULTIUSOS 6497;15;1;6,7391;6,12
010656;LANA LANCER ESCOLAR X12UND SURTIDA SH.LN.100 9637;15;104;2,6087;2,29
000252;LAPIZ ADEL HB PARTY C/PINTAS 8838;15;0;0,4;0,3036
009205;LAPIZ ERASERS X3UND C/BORRAD ZH-1706 5614/21/38;15;0;0,9;0,8482
003687;LAPIZ MONGOL TRIANGULAR  LA.M.480 9586;15;4123;0,2609;0,1732
005426;LAPIZ NATARAJ 2B TRIANG METALICO 201005004 2447;15;0;0,2;0,1477
002917;LAPIZ NATARAJ HB NEON C/BORRAD 201158016 2283;15;-1;0,1739;0,1412
002916;LAPIZ NATARAJ NEON C/BORRAD 201158006*;15;1;0,1739;0,144
029369;LAPIZ OTHELLO H 7890;15;86;0,5652;0,46
029370;LAPIZ OTHELLO SET X12UND 8B-6B-4B-3B-2B-B-HB-F-H-2H-3H-4H 6223;15;3;4,913;4,55
013652;LAPIZ STAEDTLER PASTEL LIGH/WHI/SANG/UMB/SEPIA LIG/DARK;15;0;1,3;1,1786
004909;LAVAVAJILLA LIQUIDA LIMPOL 650ML 2998;15;0;2,2174;1,9344
029304;LAZO MAGICO RJ F/DR ADO-2220-23 0233*;15;0;0,2;0,1602
029275;LAZO MAGICO RJ FILO/DR ROSAS ADO-2220-30/0301 32mm*;15;0;0,1;0,0962
029302;LAZO MAGICO VARIOS COLORES ADO-2220-28/0288*;15;0;0,1;0,1067
002293;LEGO 2212 SUPER BLOQUES 2 X15UND 2126;15;136;1,8696;1,67
009153;LEGO 223-116 MOCHILA HWA1253755 5JNHW1I;15;0;4,1;3,8125
009211;LEGO 340-Y2 LETRAS DIDACTICAS 0005;15;0;6,9;6,3036
009147;LEGO 7825 ATOMOS DIDACTICOS X35 PZS EG796874 5JNDH0F;15;0;5,1;4,6875
009156;LEGO BLOQUES GRAND X100 PZ 5438;0;0;7,3;6,73
009148;LEGO TUERCAS Y TORNILLOS 5029/B60/5682;15;0;5;4,6429
004560;LENTEJUELA CONCAVA LASER X YDS;15;0;0,1;0,0714
025912;LENTEJUELA LANCER COBRE DECO FDA 14GR 8MM 7584;15;0;0,5;0,44
029386;LENTEJUELA LANCER SURTIDA DECO FDA 14GR 8MM ES.C.14 7147;15;150;0,5217;0,425
027592;LETRERO/BANDERA LOVE FLOMO AV891/AV939/7921/3761;15;20;2,2609;2,0804
013982;LETRERO/BANDERA LOVE FLOMO AV891/AV939/7921/3761;15;6;2,2609;2,0804
016990;LIBRO CALIGRAFIA 3 BASICA TIPO PALMER COQUITO 2512;0;0;4,5;4,09
014114;LIBRO COLORINES NARANJA 4594;0;7;7,9;7,3575
024154;LIBRO INTERACTIVO ANUDADOS 4859;0;0;7,4783;6,93
027885;LIBRO PARA COLOREAR NEON V/M 7102 1020;15;1;2,2609;2,2609
001272;LIBRO VEHICULOS MI ASOMBROSO 6004;0;0;5,15;4,779
029354;LIENZO 20X30 PRE-IMPRESO IROMAN 083-0031 3258;15;0;2,8696;2,5
027555;LIENZO 30X40 PRE-IMPRESO 062-0087 0715;15;2;3,7054;3,3571
029264;LIENZO 30X40 PRE-IMPRESO 062-0097 5154;15;2;3,7391;3,7391
029267;LIENZO 30X40 PRE-IMPRESO 062-0175 6717;15;0;3,7391;3,36
029263;LIENZO 30X40 PRE-IMPRESO FROZEN 083-0002 2466;15;0;3,7391;3,4
009235;LIENZO C/DISEÑO CE161-1;15;0;3,3;3,0536
029268;LIENZO CANVAS 15X15 C/CABALLETE 2013;15;84;2,3044;1,99
011107;LIENZO CANVAS 15X15 PRE IMPRESO 8715;15;10;1,3478;1,164
016905;LIENZO CANVAS 20X30 C/CABALLETE 2037;15;13;3,3478;2,99
029262;LIENZO CANVAS 30X40 PRE-IMPRESO 4616;15;17;2,6087;2,35
021901;LIENZO CANVAS 50X70*;15;5;3,3044;2,85
029265;LIENZO CANVAS 8X10 C/CABALLETE  MN8*10 1580;15;425;1,174;1,03
029366;LIENZO CELINA 30X30 PRE-IMPRESO ARBOL 062-0201/0813;15;0;3,4;3,1964
029363;LIENZO CELINA 30X30 PRE-IMPRESO MANDALA 062-0219 1612;15;0;3,4;3,16
029367;LIENZO CELINA 30X30 PRE-IMPRESO MANDALA 062-0221/1636;15;0;3,4;3,1964
029365;LIENZO CELINA 30X30 PRE-IMPRESO MANDALAS 062-0191/0714;15;0;3,4;3,1964
010019;LIENZO V/DISEÑOS 25X20CM CCKD;15;0;1,7;1,6161
005387;LIGA CAFE 200GR J1159;15;0;2,1;1,9018
010058;LIQUIDO LIMPIADOR P/LAPTO ANERA;15;0;3,3;3,0357
003283;LISTADO LANCER 30H T/I SH.CA.F30A 6343;15;5;1,2174;1,0132
025593;LLAVERO METAL HOMBRE 14070 1935-21;15;1;1,3478;1,2321
012104;LLAVERO PORTATARJETA PERRO DEAN RUSO ID HOLDER;15;0;8,4783;8,4732
022352;LONCHERA MOZIONI TORNASOL MHF172051-RS/8857;15;0;20,5;20,4911
000371;LUSTRE A5 X10 COL 0038;15;663;0,1739;0,13
025289;LUZ LED ANGEL/ARBOL VD PILA-X2AA 04193-8;15;0;3,1;2,8839
025290;LUZ LED ANGEL/GORRO NAV RJ PILA-X2AA 04193-7;15;0;3,1;2,8839
025291;LUZ LED ANGEL/RENO NAV TRANS/RJ PILA-X2AA 04193-12;15;0;3,4;3,1518
001606;MANECILLA LANCER NEGRA UNID 32MM # RDP;15;267;0,087;0,0803
001605;MANECILLA LANCER NEGRA UNID 41MM # RDP;15;255;0,1305;0,075
001604;MANECILLA LANCER NEGRA UNID 51MM;15;329;0,2174;0,135
027919;MANI CRIS CLASICO 50GR 1504;15;0;0,5652;0,5652
016900;MARC ARTLINE DORADO FOMIX EDFM-F BRUSH METALICO 0842;15;1;0,9131;0,78
027422;MARC BIC MARKING GRIP FINE ROJO 967786 5659;15;61;0,8696;0,655
000359;MARC CARIOCA X6COL 1173;15;479;0,7391;0,57
025615;MARC FABER CONECTOR X40COL- CJA METAL MALETIN MA.F.155535 5353;15;0;16,7;15,4643
023289;MARC FABER FIESTA X36COL MA.F.3645 555318 2256;15;91;6,7391;5,88
001429;MARC JEFF NEGRO P/CD D/PUNTA JF.MA.420.10 0513;15;1558;0,3478;0,262
015096;MARC JEFF X10COL FOMIX JF.MA.401 7046;15;179;2;1,7
029348;MARC M&G AZUL D/ PUNTA FWT040122 3287;15;5;1,4732;1,3214
029351;MARC M&G BLANCO D/ PUNTA FWT040110 3379;15;2;1,4732;1,3214
029350;MARC M&G MORADO D/ PUNTA FWT040177 3324;15;2;1,4732;1,3214
029345;MARC M&G NARANJA D/PUNTA FWT040197 3270;15;8;1,4732;1,4732
024266;MARC M&G PERM AZUL D/PUNTA APM21372 2403;15;44;0,6087;0,5625
029343;MARC M&G VERDE CLARO D/PUNTA FWT040176 3317;15;8;1,4732;1,4732
024139;MARC MAPED X8COL COLOR PEPS DUO STAMP 8080;15;0;5;4,6875
010483;MARC MOLIN CD/DVD 2 EN 1 AZ RCD222-3;15;0;0,7;0,5982
010484;MARC MOLIN CD/DVD 2 EN 1 NG RCD222-9;15;0;0,7;0,5982
012331;MARC MOLIN MUEBLES RTE280-RM-RO/8721;15;0;1,7;1,7411
010485;MARC MOLIN TELA 2EN1 NG RTT222-01 1257;15;51;1,5217;1,3407
013265;MARC P/PINCEL METALICO GP096C/096D/096E/096G/096H;15;0;1,7;1,6518
016748;MARC PELIKAN PERM 420 ROJO MAR1016 5302 # RDP;15;747;0,4348;0,3786
024800;MARC SHARPIE X12COL FINO 1750;15;0;15,913;15,91
024801;MARC SHARPIE X20COL FINO GAME 284758 5059;15;0;20,1;18,5625
024061;MARC SHARPIE X4COL D/PUNTA MA.SP.32174 1748;15;0;8,6522;9
024063;MARC SHARPIE X8COL GIRLS GTS TJ 281474 5822;15;0;9,8;8,6339
000365;MARC SNOWMAN ACETATO PERM AZUL OPM 3531;15;341;1;0,84
002338;MARC SNOWMAN ACETATO PERM ROJO OPF 2527;15;196;1;0,84
011566;MARC STABILO X10COL POINT 88 1265;15;0;7,7826;6,8572
013654;MARC STAEDTLER D/PUNTA PINCEL X12COL 3004TB12;15;0;7;6,2143
002448;MARC STAEDTLER JUMBO TRIANG X12 COL 328-B WP12/2870;15;0;8,7;8,0536
024456;MARC UNI PIN NEGRO CHISEL 2.0 LINE CS2-200 0981;15;32;1,3913;1,2032
024457;MARC UNI PIN NEGRO CHISEL 3.0 LINE CS3-200 0998;15;7;1,3913;1,2032
024458;MARC UNI PIN NEGRO EXTRA FINE BRUSH BR-500EF 8032;15;9;3,8261;3,264
010648;MASA D/MOLDEAR NEON BALDE F/ANIMALES 40001;15;0;5,6;5,1161
026872;MASCARILLA DESCART UNID 7754/5639;15;58;0,087;0,0893
003292;MINA FABER 0.7 HB MI.F.07HB 2728;15;327;0,3478;0,265
025622;MINA ROTRING 0.5 B TIKKY SO312640 5528;15;43;1,2174;1
021908;MINA SABONIS 0.9 2B 60MM X20UND;15;0;0,9;0,8393
023285;MINI ASPIRADORA PILAX2/AA 820972 9729;15;0;4,6522;4,3304
012166;MOCHILA EPIC FUTBOL 10XB BB2008B 0219;15;0;28,5217;27,55
021453;MOCHILA EPIC ZORRITO BG2101 3685;15;0;33,7;32,5
012139;MOCHILA EVEREST 1045RN;15;0;21,9;21,9107
012133;MOCHILA EVEREST 2045P;15;1;15;15,04
012146;MOCHILA EVEREST P1045GL;15;0;37,3043;37,3043
012152;MOCHILA MINI METALLIC/TORNASOL B323428;15;0;16,087;15,1786
021452;MOCHILA MOZIONI BL/RS TORNASOL MME171770-BL/9243;15;0;34,2;33
004701;MOCHILA MOZIONI TIGRE CF/NG MME170976-ST 7073;15;0;42,7;41,2411
006140;MOCHILA NIÑO TOY STORY AZ 6556 EME172167-AZ;15;0;12,2;11,7589
003717;MOCHILA SHOPPIES 7016HPS-0694/8369;15;0;16,9;16,9107
026991;MOCHILA TORNASOL V/C DISEÑOS JN2137;15;0;13,4;13,3929
003734;MOCHILA TOTTO INFANTIL SWEETY HEART M MJ04SWH002-2420-9JEM 3399;15;4;36,8696;36,86
001281;MOCHILA TOTTO PC KNITTY L GR MA04KNY001-23200-G86 9114;15;0;49,6957;49,69
012149;MOCHILA UNICORNIO B324163;15;0;26,6;26,6071
010416;MOCHILA VASARI NG/AZ VME171810-AZ/7997;15;0;42,7;41,2411
025623;MOLDE CORAZON IC772-1 0017;15;10;11,913;11,0625
025518;MOLDE CUADRAD CF CARTON BAJO LOAF G9F10099;15;0;0,8;0,6875
027870;MOLDE P/HIELO GRANDE X10 V/C 60959 9591;15;2;3,3043;3,1696
027871;MOLDE P/HIELO PEQ X32 V/C 52612 6126;15;0;4,3478;4,1518
026923;MONEDERO HELLO KITTY*;15;0;3,9131;3,6
024051;MOUSE OPTICO VERTICAL C/CABLE USB MOU-GEN-DX110-G5 7218;15;0;7,1;6,5714
029323;MUÑECO NIEVE H20508A RS PATAS CORTAS 8733;15;0;8,1;7,475
029316;MUÑECO NIEVE PEQ C/LUZ 9205-8/0581;15;0;1,7;1,602
029340;MUSGO MED JT21-MC881/1253;15;0;0,9;0,8627
024797;NEENAH COTTON LETTERPRESS BLUSH 243GR 66X101.6 15827;15;0;3;2,9464
002896;NORMOGRAFO 05 DOMINGO FERRER 0503;15;0;1,5217;1,3482
002897;NORMOGRAFO DHF 06 150006 0602*;15;36;0,8261;0,5349
002540;NOTA VENTA 1/2 OFC PERIODICO BLOCK X 80H 0916;15;1078;0,6087;0,425
019098;NOTITAS 2X2 NEON 400H 6536;15;0;1,4;1,2589
019099;NOTITAS 2X2 PASTEL 400H 6543;15;0;1,1;1
003589;NOTITAS 3X3 CUBO PASTEL 2804;15;0;1,9;1,6786
026926;NOTITAS 3X3 FENIX 5COLX100 400 PASTEL 75X75MM 8994;15;0;1,9;1,6518
024734;NOTITAS 3X3 V/FIGURAS NEON 3/COL WEIBO WB-302 3021;15;0;0,8261;0,7411
024049;NOTITAS ADH NEON LETRA-E 100X100MM SH.PG.E 2435;15;0;0,3;0,001
026871;NOTITAS XEROX;0;0;0;0
003674;NUMERADORA KW 02070 7 DIGITOS 0099;15;7;29,8696;26,5
003571;OJITOS MOVIBLES LANCER NEGROS V/TAMAÑOS 050-0045 ES.J.100;15;626;0,087;0,07
011100;OJITOS MOVIBLES LANCER V/COL V/TAMAÑOS ES.J.110;15;211;0,1304;0,074
023268;ORGANIZADOR ESCRITORIO NEGRO METAL MF08234 2954;15;54;3,3043;2,88
027909;ORGANIZADOR ESCRITORIO PLAST 5DIV OL429 9444;15;0;17,8;15,9375
027873;ORGANIZADOR ESCRITORIO THE ULTIMODESK 0208;15;1;4,4348;4,3
023269;ORGANIZADOR ESCRITORIO/TARJETAS NG METAL 3ESPAC MF910702 2930;15;40;2,7826;2,42
OI;OTROS INGRESOS;15;0;0;0
013253;PALETA KRAFTY HELAD DORADA/PLATA CW503A 3086;15;0;1;1,05
013255;PALETA KRAFTY HELAD GIGANTE X25UND CW5079724;15;0;1,7;1,6339
013254;PALETA KRAFTY HELAD NEON CW504A 3048;15;0;1;1,05
013258;PALETA KRAFTY HELAD X80UND COL CW512 5831;15;0;1,5;1,3839
002533;PALETA LANCER HELAD COL X100UND PQ.H.2 5662;15;332;0,8261;0,71
027405;PALETA MULTICRAFT COLOR X10UND CW519B 9943;15;4;1,2174;1,2174
020822;PALETA PASSOLA P/MEZCLAR 9ESPAC OVALAD 29X22CM PAL019/9 8014;15;0;1;0,8393
006214;PALO WILLOW 930;15;0;0,2;0,1786
009219;PANDERETA PLAST E/FUNDA 0378 3788;15;45;1,1304;0,99
013658;PANDERETA PLAST GRAND E/FUNDA YX018 4008;15;0;2,6;2,5804
001459;PAÑITOS HUMEDOS LOV BABY X100 2681;15;0;1,1;1,1161
012785;PAPA NOEL NOMO 47X36 2821;15;0;19;17,5536
029294;PAPA NOEL NOMO YJD22286 CAFE ROPA RAYAS 2862;15;0;4,5;4,1643
029335;PAPA NOEL RS H20179A/8283;15;0;7,8696;7,2615
020328;PAPA NOEL/MUÑ NIEV PEQ PELUCHE SX-Y2103/0307;15;0;3,3;3,0962
001012;PAPA RIZADAS MAYONESA 30GR 9999;15;2;0,2174;0,2345
012642;PAPEL ALUMINIO C/DISEÑO 70X100 AZ 09241025;15;0;0,8;0,7143
012643;PAPEL ALUMINIO C/DISEÑO 70X100 RJ 130GR 09241027;15;0;0,8;0,7143
002306;PAPEL CONSTRUCCION X10 COL 90GR PA.C.10 4582 1203;15;2095;0,2174;0,17
012323;PAPEL ESTAÑO CHAMPAGNE 43.5X59 024902;15;0;0,7;0,5804
012322;PAPEL ESTAÑO ORO 43.5X59 024904;15;0;0,7;0,5804
012329;PAPEL ESTAÑO PUNTO ORO 43.5X59 026903;15;0;0,7;0,5804
012326;PAPEL ESTAÑO RANDA BLANCA 43.5X59 128535;15;3;0,6957;0,5804
012321;PAPEL ESTAÑO UVA 43.5X59 024927;15;0;0,7;0,5804
017634;PAPEL FOTO HARTWII T/I X20 200GR 0935;15;0;1,7;1,5536
005430;PAPEL FOTO LANCER A3 X10 230GR PA.FT.150 2345;15;198;1,6087;1,3602
005428;PAPEL FOTO LANCER T/I X100 200GR PA.FT.125 2376;15;0;0,8;0,8036
004575;PAPEL INGENIERO 170GR 70X100;15;0;1,2;1,0714
010092;PAPEL MILIMETRADO UNID A3;15;648;0,0435;0,0346
029380;PAPEL REG CIRCULOS PREMIUN 8-481-235/0717 50X70 09281235;15;0;0,2;0,1815
029379;PAPEL REG CORAZONES PREMIUN 8-481-247/7970 50X70 09281247 7970;15;0;0,2174;0,1815
010671;PAPEL REG COUCHE LINEAS GRIS 50X70 09222543*;15;21;0,2174;0,1607
010673;PAPEL REG COUCHE LINEAS NG 50X70 09222546;15;18;0,1304;0,1339
010672;PAPEL REG COUCHE LINEAS RJ 50X70 09222545*;15;11;0,2232;0,1607
010670;PAPEL REG COUCHE RAYAS DORADO 50X70 09222542*;15;4;0,2232;0,1607
023215;PAPEL REG RJ MURESCO ESCOSES 50X70 E14279;15;0;0,3;0,2321
005192;PAPELERA LANCER METALICA NG 3PISOS SH.PP.8226 7824;15;0;12,1304;10,95
026928;PAPELERA METALICA PLATA 3 PISOS P51100*;15;3;10,2609;8,47
011591;PARLANTE PORTABLE JBL TG-113 AUX/FM/CARD 1200MAH 7122;15;0;11,6;10,7857
026939;PASTAS AZUL CLARO PLASTICAS B T/I;15;-1;0,1304;0,0941
011565;PEGAMENTO UHU UNIVERSAL 35ML 3442;15;125;1,3479;1,16
025598;PELOTA ELAST C/LUZ SPIN 599-87 89535;15;0;1;0,9375
002534;PELOTA SUPER ECONOMICA 12755/014450/012623/014519/014683;15;0;0,8;0,7143
021443;PERFIL PLASTICO 65CM PAR;15;67;1,087;0,97
001776;PERFORADO ESCRIBE CDROS FDAX50H T/I 0433 # RDP;15;3398;0,4348;0,4349
002925;PERFORADO VERZATIL PENTAGRAMADO FDA X50 T/I 0649;15;84;0,6522;0,538
010063;PERFORADORA ALLWIN 002 1HUECO 0078;15;0;1;0,8571
025374;PERFORADORA BORDES GRAND 54-50132 8071;15;2;20,6087;20,5268
025367;PERFORADORA BORDES GRAND 54-50147 7887;15;1;20,6087;20,5268
025375;PERFORADORA BORDES GRAND SET 54-53000 0307;15;2;40;40
001433;PERFORADORA FOMIX 5CM # 1/2 PF.F.160/165;15;0;5,4;5,3482
001040;PERFORADORA FOMIX SOL 25MM 029-0867;15;1;2,7391;2,6786
001430;PERFORADORA FOMIX V/MOD LANCER 3.8CM # 1 PF.F.150/155;15;2;3,913;3,9196
018358;PERFORADORA HOYO DE 1.6MM M712732;15;1;13,9565;13,95
004660;PERFORADORA KW-TRIO 9380 SUPER POWER 1694;15;5;54,52;49,07
023803;PERFORADORA LAZO 55300025 1820;15;2;20,6087;20,6161
025376;PERFORADORA TROQUEL CONFETTI GRAND 660779 7793;15;0;20,3478;20,35
004582;PERFUME GRANDE V/OLORES;15;0;23,9565;22,78
010010;PINCEL COLOR FACTORY 1/2 ANGULAR*;15;-48;1,6071;1,4732
010493;PINCEL COLOR FACTORY 5 PLANO*;15;105;0,5218;0,45
010498;PINCEL COLOR FACTORY 7 PLANO*;15;105;0,5653;0,48
010494;PINCEL COLOR FACTORY 9 PLANO*;15;105;0,6087;0,51
010723;PINCEL COLOR FACTORY 9 REDONDO*;15;123;0,6087;0,51
010492;PINCEL DE AGUA #10;15;0;1,1;0,9911
001245;PINCEL LANCER 10 REDONDO 251-10;15;228;0,2609;0,179
000586;PINCEL LANCER 12 PLANO 577-12;15;217;0,3478;0,1912
000592;PINCEL LANCER 2 PLANO 577-2;15;128;0,1739;0,13
000582;PINCEL LANCER 20 PLANO 577-20;15;232;0,6087;0,362
000588;PINCEL LANCER 8 PLANO 577-8;15;150;0,2174;0,14
010724;PINCEL MILAN 2 REDONDO;15;0;0,4;0,4107
010727;PINCEL MILAN 4 REDONDO;15;0;0,6;0,5089
020043;PINCELES CRAFTY KIDS GRUESOS X3UND KC832A 4611;15;9;2,3043;2,3043
000601;PINCHO CON MENSAJE;15;0;1;0,9107
029337;PINCHO FLOR VC C/ESCARCHA PL NAV 9213-05/3059;15;1;1,1304;1,0148
026943;PINCHO TROQUEL/MED FRASES PN-MT;15;0;0,5;0,4643
010553;PINT BIC SUPER SOFT TRIANG X12COL+SACAP 943449 0201;15;0;5,2174;4,331
000537;PINT CARIOCA X12COL CORTA C-12 4196;15;11;0,6957;0,57
000394;PINT FABER TRIANG X12COL LARG 120512 5750/6821/8506;15;0;1,9;1,7679
000393;PINT FABER X12COL CORTA LA.F.120012 8681;15;19;1,4348;1,24
024807;PINT FRANCO TELA AZ MAR 30 3113;15;0;0,7392;0,63
003610;PINT IMAGENES X12COL LARG 560866 8665;15;165;1,3044;1,11
013649;PINT KIUT X48COL+ILUSTRACIONES COLECCION 8740;15;0;18,1;16,8393
011573;PINT KIUT X6COL LARG METALIZADOS 7555;15;0;2,9565;2,68
002290;PINT MAGICOLOR 12COL LARG D/PUNT 186167 2903;15;0;4,2;3,7411
020842;PINT MILAN 12COL LARG ACUA 0742312 8741;15;0;6,7;6,0982
018291;PINT STAEDTLER HEX 72COL LARG C/METAL146C M72 1076;15;0;30,3;28
009204;PINTURA COLORFUL P/CUERPO CE153-15;15;0;0,8;0,7321
016888;PINTURA FRANCO VITRAL RJ 30ML 0471;15;6;1,1739;1,0206
016889;PINTURA FRANCO VITRAL VERDE 30ML 0525;15;3;1,1739;1,0368
029384;PINTURA NEON DACTILO X5 COL 14GR DPNE;15;0;0;0
013271;PINZA NAV MADERA X6 GX672/5363;15;0;2,1;2
013272;PINZAS NAV MADERA MINI HOLIDAY GX674/GX676;15;0;2,1;2
002523;PIZARRA 120X80 PNMMC-120 0650;15;4;25,9131;23,6
002522;PIZARRA KENART 120X120 CUADROS PMC-122 0414;15;1;47,3913;41,95
000814;PLASTILINA PELIKAN BARRA AMARILLA NEON 180GR PS.P.67128 0474;15;114;0,6522;0,46
000803;PLIEGO MINISTRO CDROS #5 65X90CM;0;3420;0,15;0,093
003563;POMPOM 20MM AMARILLO X100UND 038-0001/15/16 122/0139;15;42;1,1739;1,03
003568;POMPOM 20MM AZUL X100UND 038-0001/27 1396;15;6;1,1739;1,03
003569;POMPOM 20MM LILA X100UND 038-0001/30 0184;15;32;1,1739;1,03
003561;POMPOM 20MM NARANJA X100UND 038-0001/11 0115;15;79;1,1739;1,03
003567;POMPOM 20MM TURQUESA X100PZA 038-0001/26 0177;15;2;1,1739;1,0206
003565;POMPOM 20MM VERDE CLARO X100PZA 038-0001/19 0146;15;53;1,1739;1,03
003566;POMPOM 20MM VERDE X100PZA 038-0001/21 0153;15;26;1,1739;1,03
017670;PORTA GLOBO NARANJA;15;0;0,0435;0,0268
017671;PORTA GLOBO ROSADO;15;1;0,0435;0,0268
017674;PORTA GLOBOS FDAX25 AZUL 9078;15;48;0,9565;0,78
017675;PORTA GLOBOS FDAX25 BLANCO 075-0001/BL 9047;15;86;0,9565;0,78
017677;PORTA GLOBOS FDAX25 FUCSIA 9085;15;44;0,9565;0,78
017676;PORTA GLOBOS FDAX25 LILA  9108;15;38;0,9565;0,78
017678;PORTA GLOBOS FDAX25 NARANJA 5048;15;42;0,9565;0,78
017679;PORTA GLOBOS FDAX25 NEGRO 5055;15;29;0,9565;0,78
017680;PORTA GLOBOS FDAX25 ROJO 9054;15;82;0,9565;0,78
017681;PORTA GLOBOS FDAX25 ROSADO 9115;15;29;0,9565;0,78
017682;PORTA GLOBOS FDAX25 VERDE OSCURO 5062;15;47;0,9565;0,78
013983;PORTA RETRATO CORAZON 5X7 FLOMO AV896/AV941/7976/3785;15;4;4,913;4,5893
013976;PORTA RETRATO D/CARTON 4X6 FLOMO MO80 5468;15;13;1,5;1,8
013975;PORTA RETRATO FLOMO 5X7 MO592/8130;15;5;4,913;4,9107
011885;"PORTA RETRATO PLAST 8X10"" 748 119436 0076";15;0;2,4;2,2321
000807;PORTACHEQUES ACORD 12DIV SHENG ZS-4315 816510 1008;15;0;1,3;1,1786
003742;PORTACHEQUES BESTER ACORD 12DIV NG BESTER193 4438;15;46;2,1304;1,792
023266;PORTACLIP CUADRAD UNIK MF0533 6369;15;0;0,8;0,8036
005384;PORTACREDENCIAL HORIZ COL J1046;15;0;0,1;0,1161
021446;PORTACREDENCIAL VERT 6X11 UNID 00023*;15;442;0,1739;0,124
005289;PORTALAPIZ METAL CUAD NG LY9111C12*;15;10;1,0435;0,86
001426;PORTAMINA JEFF 0.5 CLIC MATIC JF.LP.832 4794;15;139;0,4783;0,25
012325;PORTAMINA LANTU 0.7 MP M101 SH.LP.100;15;0;0,5;0,4732
021906;PORTAMINA MILAN 0.9 TOUCH COLOR PL1/0445 185012920;15;0;1,9;1,6964
004900;PORTAMINA PENTEL V/COL 0.5 E-SHARP AZ125R;15;0;1,3;1,1696
027431;PORTAMINA PILOT 0.5 TURQUESA H-185N-L;15;0;2;1,77
027432;PORTAMINA ROTRING 0.35 TIKKY NEGRO 0498;15;211;4,6522;4,22
027433;PORTAMINA ROTRING 0.5 TIKKY AMARILLO 0573;15;0;4,6522;4,22
018333;PORTAMINA UNIBALL 0.5 SHALAKU 5 CELESTE M5-228 5221;15;80;1,7391;1,5982
010524;POSTER P/DECORAR PARED;15;0;0;0,0089
001397;PRINGLES CREMA & CEBOLLA 40GR 6748;15;5;2,2174;2,19
001396;PRINGLES ORIGINAL 37GR  6731;15;13;1,7391;1,7391
002562;PRINTY SHINY CUADRADO S-530 32X32MM 5303;15;23;4,2609;3,8363
010508;PRINTY SHINY MULTIPLE S-312;15;0;4,2;3,9196
002466;PRINTY SHINY S-829 64X40MM 8298;15;13;7,3043;6,55
010655;PROMOCION BOLIG BIC PM AZUL Y NEGRO;15;0;0;0
013823;QUIMICO INTER VD RESMA 65X90;15;5;38;38
021872;RASCACIELO P/MAQUETA IM24-1741 7415;15;15;1,5217;1,3
002931;RECIBO GRANDE BLOCK X 80H 1081;15;247;0,7391;0,588
REE001;REEMBOLSO 0%;0;0;0;0
REE002;REEMBOLSO 12%;15;0;0;0
010074;REGALO BOTELLA VELA ROSA;15;0;25,4;25,4464
000575;REGLA ARTESCO 20CM PLASTICA REG030 7394;15;237;0,2174;0,124
000687;REGLA CARIOCA 30CM PLASTICA;15;0;0,3478;0,2575
027940;REGLA JEFF 20CM PLAST JF.RE.20 6533;15;131;0,1304;0,088
002541;RELOJ HOMBRE CUERO-METAL;15;0;19,1304;18
029330;RENO/MUÑEC NIEV RS CR2256-B/1127;15;0;12,9;11,96
029329;RENO/MUÑECO NIEV  RJ CR2115-A/1011;15;0;10,3;9,5062
025606;REPUESTO DE MINA D/ESFERO NORMAL 2013-REFILL1;15;6;0,1339;0,0179
025298;RESALT JEFF BORRA V/C 3MM/1MM PTA/BISEL FINO JF.RS.123*;15;174;0,3479;0,26
016648;RESALT JEFF MINI V/COL JF.RS.534P 7927*;15;652;0,3478;0,27
001462;RESALT PASSOLA VERDE ENERGY 3118;15;154;0,4348;0,24
012251;RESALT PELIKAN LAVANDA PASTEL FLASH RES157 4069;15;95;0,4348;0,358
015089;RESALT PELIKAN MANZANA PASTEL FLASH 600/8784;15;0;0,4348;0,3651
012252;RESALT PELIKAN TURQUESA AQUA PASTEL FLASH RES158 3963;15;113;0,4348;0,358
026826;RESALT PLANETA V/COL 824076 3082;15;0;1,4;1,2768
010035;RESALT SHARPIE NJ 7422;15;0;0,9;0,8571
011933;RESALT STABILO DURAZNO PASTEL BOSS 70/126 2386;15;99;1,087;0,923
024453;RODILLO LANCER P/CORRUGAR /PAPEL/CARTULINA PF.F.145 9231;15;2;2,7391;2,4643
013971;ROLLO PLASTICO DE ENVOLTURA DE BURBUJAS FLOMO MG2898/3076;15;0;2,5;2,3304
004578;ROMPECABEZAS 06UND T/I 0504/5064;0;65;1,95;1,75
003570;ROMPECABEZAS 20UND T/I 003/5200;0;44;1,95;1,75
010041;SACAGRAPAS KW-TRIO SR5051 0529;15;96;0,5217;0,434
029311;SACAPUNTA 1S M&G APS91225 METAL*;15;-1;0,6;0,5257
029301;SACAPUNTA 1S M&G PLASTICO APSN1251 91270*;15;2;0,1339;0,1156
010491;SACAPUNTA 1S MILAN C/REC BORRA SUPER HEROE 4701116SH;15;0;3,3;3
029387;SACAPUNTA LANCER PLAST PEQ+BORRADOR SH.SP.076*;15;0;0,5357;0,44
024133;SACAPUNTA MAPED 1S BOOGY C/DEPOSITO 3110;15;0;0,4;0,3393
015422;SEDA GLOBOS 18GR 50X70CM PA.S.F54 # RDP;15;44;0,1304;0,0996
015428;SEDA NEON VERDE 18GR 50X70CM PA.S.N04 # RDP;15;130;0,1739;0,1708
016768;SEDA ROSADO 09281328 09281334 # RDP;15;385;0,0435;0,0406
012127;SEDA TURQUESA VERDE 09281339;15;0;0,1;0,0357
001440;SELLADORA LANCER  P/FUNDA SH.L.400 300MM 110V PFS-300 7452;15;3;17,8696;13,5
018348;SELLO SILICON 7367621;15;1;6,9565;6,95
023767;SET NEON TIE DYE 5460;15;1;25;24,6
025620;SHAMPOO HERBAL ESS MANGO 400ML 285139 7674;15;0;7,6087;7,6
012639;SILICON 32MM GRUESO X 5UNID;15;104;0,9565;1,3393
027262;SILICON PASSOLA 19MM DELGADO 800GR 0286;15;2502;4,087;2,73
000704;SOBRE CARTA IDEAL 60GR X50 5948;15;71;0,6957;0,5757
000548;SOBRE F1 MANILA 160X230MM;15;3836;0,0435;0,0365
000550;SOBRE F3 MANILA 230X324MM;15;4628;0,087;0,0577
000700;SOBRE F4 MANILA 250X340MM;15;2091;0,087;0,073
000701;SOBRE F5 MANILA 275X370MM;15;1695;0,1304;0,087
000702;SOBRE F6 MANILA 300X400MM;15;2328;0,1304;0,0857
026869;SOBRE LANCER MANILA BURBUJA 25X35CMS  SO.L.7;15;0;0,3478;0,2768
000703;SOBRE OFICIO IDEAL 60GR X50 242X115MM 5900;15;0;0,9565;0,82
002542;SOBRE OFICIO IDEAL 75GR X50 5924;15;113;1,1304;0,9914
026732;SOBRE P/DINERO ASTR VULCAN GREEN 89GR X10UNID 7.5X10CM 2952;15;0;0,7;0,6339
026729;SOBRE P/DINERO AZ COBALTO 90GR X10UNID 7.5X10CM 3171;15;0;1;0,897
026728;SOBRE P/DINERO BURANO AZURRO REAL 90GR X10UNID 7.5X10CM 1689;15;0;0,8;0,6786
026730;SOBRE P/DINERO BURANO GRIS PIEDRA 90GR X10UNID 7.5X10CM 3188 PS0056;15;13;0,9565;0,86
026734;SOBRE P/DINERO MAJESTIC CAND. CREAM 120GR X10UNID PS0035 7.5X10CM 2044;15;4;1,4348;1,24
026735;SOBRE P/DINERO MARMOL UVA 80GR X10UNID 7.5X10CM 7117;15;0;0,9;0,8571
019090;SOBRE T LORD F BLUE NEENAH PAPER  13 5X18 5;15;0;0,2;0,1696
026727;SOBRE T LORD STARWHITE FLASH PEARL PAQX10 13.5X18.5 PS0003 1368;15;0;2,1;1,9375
025599;SPLASH PRETTY GIRLS AMBAR 236ML ZAR 2011807 1615/91/46;15;0;9,9;9,1875
013182;STICKER ADHE GRAND X9 PT1814/3624;15;0;2,2;2,0714
005213;STICKER FOMIX ADHE EMOJIS BRJ-100/2500;15;0;1,3;1,1429
025584;STICKER PERLAS FLORES X3PZS 12628 ADO-1930-50 0507;15;0;1,1;0,9375
020816;STICKER PLANCHA GRANDE STK006 V/MODELOS*;15;0;0,4348;0,3036
010454;SUDOKU NUMEROS GOLDEN;15;0;2,2609;2,23
002451;TABLA 4 OPERACIONES T/CUADERNO*;15;6;0,6957;0,58
018345;TABLERO DE PERFORACION CUADRADA 6631583;15;1;38;38
025377;TABLERO DE RECORTE  71337-1 3371;15;0;33;33,0268
002497;TABLERO ROTRING DIBUJO A3 S0213660 522110 2112;15;5;56,2609;52,22
000572;TACHUELA LANCER PLATA CAJA AS21-01 SH.CH.01 3585;15;152;0,2174;0,165
013676;TANQUE D/HELIO C/GLOBOS/CINTA IC-50 1540;15;1;35,7391;32,0363
021468;TARJ Y SOBRE LORD ASTROBRIGHTS PINK PULSAR  1177;15;0;1,9565;1,694
021471;TARJ Y SOBRE LORD ASTROBRIGHTS TERRESTRAL TQ;15;0;2,2;2,0804
011898;TARJETA INVITACIO X10 V/COL 4788;15;0;1,3;1,1518
024054;TARJETA KINGSTON MICRO 128GB SD 8703;15;-1;14,1304;12,88
014092;TARJETA LUXURY X12 WB631C/4506;15;0;1;0,9107
010405;TARJETA PEQ V/DISEÑOS;15;0;0,087;0,0893
014093;TARJETA Y SOBRE LUXURY X6PZ WB635C 4544;15;0;1,5217;1,4107
013973;TAZA 13OZ MEJOR ABUELA MO586/6861;15;0;3,5;3,2679
013986;TAZA CERAMICA HAPPY BIRTHDAY 11OZ FLOMO BB17/4076;15;0;3,3;3,0804
013972;TAZA CERAMICA MAMÁ 11OZ C/CAJA MO525 1144;15;2;3,2589;3,0804
013974;TAZA CERAMICA MEJOR MAMA 14.5OZ FLOMO MO587/8086;15;1;3,4783;3,2679
025578;TAZA+PLATO COC-2118-54 6003846 0540;15;0;5,3;4,8839
005242;TECLADO GEEZER ZERO +MOUSE CAFE 3787;15;6;29,4783;27,42
025604;TECLADO GEEZER ZERO +MOUSE MORADO 7339;15;2;29,4783;27,42
000379;TECLADO MOFFI +MOUSE CREMA 0351;15;4;29,4783;27,42
009180;TECLADO MOFII SWEET +MOUSE CREMA 0547/5827*;15;19;24,9131;23,28
004662;TEMPERA ARTESCO AMARILLO 250ML TEM004 5969;15;9;1,1739;1,0404
012319;TEMPERA ARTESCO CELESTE 250ML 6058;15;32;1,1739;1,0404
017638;TEMPERA ARTESCO NARANJA NEON 250ML 8951;15;24;2,8696;2,55
003686;TEMPERA ARTESCO VERDE NEON 250ML 8944;15;20;2,8696;2,55
019082;TEMPERA CARIOCA BL 250CC 8362;15;0;1,9;1,8393
005238;TEMPERA CARIOCA X12COL 1089;15;46;2;1,767
011916;TEMPERA NATARAJ X6COL 3659;15;0;1,7;1,5268
027107;TENEDOR X6UND DR 6000923 1325;15;0;6,4;5,9375
017633;TIJERA ERICHKRAUSE 13.5CM JOY EK15033 0336;15;117;0,6957;0,6
003740;TIJERA LANCER 6.5CM OFICINA SH.TJ.106 2876;15;2;0,6087;0,395
024439;TIJERA MAPED 13CM SECURITY  473112 1126;15;713;0,8696;0,8696
012242;TIJERA MAPED 13CM UNID PULSE 464212 2125;15;24760;0,6087;0,5653
010062;TIJERA MAPED ESSENTIALS GREEN 21CM 468110 1100;15;4757;1,4783;1,4957
000389;TIJERA MAPED SOFT 13CM 4129;15;0;0,9;0,8125
011927;TIJERA WEIBO 14CM PEQ WB-9055 0557;15;0;0,4348;0,3712
011928;TIJERA WEIBO GRAND WB-9085 0854;15;0;0,8;0,75
013643;TINTA BROTHER AMARILLA BT5001Y 48.8ML 1032;15;0;11,2609;9,79
013641;TINTA BROTHER AZUL CYAN BT5001C 48.8ML 1018;15;0;11,2609;9,79
013642;TINTA BROTHER MAGENTA BT5001M 48.8ML 1025;15;0;11,2609;9,79
013644;TINTA BROTHER NEGRA BT D60BK 48.8ML 0386;15;0;14,9131;12,95
002489;TINTA EDDING NEGRA PERM 30ML T-25 3868;15;51;2,3044;2,067
023714;TINTA EPSON AZUL 504 GEN 70ML*;15;33;4,3478;4,0536
023715;TINTA EPSON ROJA 504 GEN 70ML*;15;28;4,3478;4,06
010022;TIZA SIGMA V/COL X144UND SC02;15;0;5,8;5,3036
010712;TOALLA DESECHABLE PARA DISPENSADOR;15;0;15;14,6964
010072;TOMATODO LUCKY 720ML 3985;15;6;5,174;4,88
003739;TONER MAXCOLOR SAMSUNG CLT-K407S;15;1;19,6522;19,6522
027093;TOPPER NUMERO #4 PVC FC/AZ/CB/PL/DR 5*24CM 12205/06/09/04/07-4;15;4;1,7857;1,6071
027095;TOPPER NUMERO #6 PVC FC/AZ/CB/PL 5*24CM 12205/06/09/04-6;15;15;1,7857;1,6071
027092;TOPPER NUMERO #7 PVC FC/AZ/CB/PL 5*24CM 12205/06/09/04-7;15;12;1,7857;1,6071
027091;TOPPER NUMERO #8 PVC FC/AZ/CB/PL 5*24CM 12205/06/09/04-8;15;8;1,7857;1,6071
004656;TROQUEL CASTILLO M11-T260 8576;15;1;5,8261;5,8036
027906;VASIJA PLAST GRAND STORAGE BIN HC424 2846;15;13;8;8
027907;VASIJA PLAST MEDIAN STORAGE BIN HC427 2877;15;13;9,5217;8,9821
027908;VASIJA PLAST PEQ STORAGE BIN HC426 2860;15;9;5,5;5,5
026834;VASO CARTON FLORES F/DORADO X8UND IC83354554 5549;15;7;1,1304;1,0528
004910;VASO CARTON IMPRESO 6 OZ DESECHABLE X25UND*;15;0;2,2609;1,9945
004911;VASO CARTON IMPRESO 6 OZ DESECHABLE X50UND 9102;15;0;2,087;1,8
024255;VELA #4 DR GRANDE;15;7;1,1607;1,0625
024256;VELA #6 DR GRANDE;15;6;1,1607;1,0625
024257;VELA #7 DR GRANDE;15;5;1,1607;1,0625
024264;VELA #7 PL GRANDE;15;24;0,6522;0,78
024808;VELA 0 AZUL EP81420566 #0 5669;15;53;0,3125;0,2768
026805;VELA 0 BIRTHDAY PUNTOS;15;22;0,3478;0,3478
026795;VELA 0 HAPPY MULTICOLOR;15;14;0,3478;0,2768
024809;VELA 1 AZUL EP81420566 #1 5660;15;4;0,3044;0,2768
026798;VELA 3 HAPPY MULTICOLOR;15;8;0,3478;0,2768
010519;VELA 3 ROJA EP81420565 #3 5656;15;63;0,3044;0,2768
026809;VELA 4 BIRTHDAY PUNTOS;15;32;0,3478;0,3478
026799;VELA 4 HAPPY MULTICOLOR;15;13;0,3479;0,2768
026810;VELA 5 BIRTHDAY PUNTOS;15;33;0,3478;0,3478
026800;VELA 5 HAPPY MULTICOLOR;15;7;0,3478;0,2768
016734;VELA 5 PL;15;2;0,8696;0,8036
011911;VELA 5 ROJA EP81420565 #5 5657;15;53;0,3;0,2768
026801;VELA 6 HAPPY MULTICOLOR;15;9;0,3478;0,2768
016733;VELA 7 PL;15;9;0,8696;0,8036
026813;VELA 8 BIRTHDAY PUNTOS;15;33;0,3478;0,3478
026803;VELA 8 HAPPY MULTICOLOR;15;8;0,3478;0,2768
016732;VELA 8 PL;15;10;0,8696;0,8036
026804;VELA 9 HAPPY MULTICOLOR;15;9;0,3478;0,2768
011082;VELA EN FRASCO PASTEL PEQ.;15;0;0,9;0,89
010577;VELA FELIZ CUMPLEAÑOS/HB DORADO;15;0;1,9;1,7411
023768;VELA GLOBOS/ESTRELLA X5UND PTC140/PTC141 7359 7342;15;0;1,8261;1,6964
027101;VELA LETRAS HAPPY BIRTHDAY V/C VHB3/5/8/7/13;15;1;4,9565;4,6339
006211;VELA MI 1ER/2DO/3RO AÑITO;15;0;0,8;0,8125
024259;VELA PARTY #1 TURQUESA PLAST IC81421147 1477;15;17;0,6522;0,5349
024253;VELA PARTY #9 TURQUESA PLAST IC81421147 1473;15;26;0,6522;0,5349
024263;VELA PARTY SIGNO TURQUESA PLAST IC81421147 1470;15;6;0,6522;0,5349
006165;VELA PLUMAS DORADO 10.30CM NB1774-153;15;0;2,4;2,4107
011913;VELA SIGNO ROJA EP81420565 #? 5650;15;30;0,3478;0,2768
023769;VELA X13 HAPPY BIRTHDAY PTC135 6840;15;0;2,4;2,25
027099;VELA X6 ESPIRAL T/PASTEL PARTY CANDLES 1021-11 8856;15;0;0,8;0,75
VENTA-SERVICIOS;Venta de servicios;15;0;0;0
025373;VIDRIO PARA CORTAR PRECISION 71299-2 2992;15;0;23,3;23,3036
029274;VINCHA NG SET X2 UND;15;0;2,4;2,2098
002530;VINILO TRANSP BTE ADH PERMAN 70X100 VTB75-P1-K135-H1;15;48;1,8261;1,62
012702;XILOFONO PASSOLA C/CAJA 25 NOTAS XIL015 4862;15;1;22,9565;20,9229
025609;YUTE ROLLO 2.5CMX10YDS 029-1047 1087;15;0;3,4;3,1518
025610;YUTE ROLLO 4CMX10YDS 029-1048 1094;15;0;4,8;4,4286
025611;YUTE ROLLO 6CMX10YDS 029-1049 1100;15;0;5,4;5,0268
